Workbook

Sheet Iluminacion y ventilacion
A1: PLANILLA DE ILUMINACION Y VENTILACION
A2: Local | B2: (a) Medidas | C2: (b) Medidas | D2: (Area) Medidas | E2: Iluminacion | H2: Ventilacion | K2: VERIFICACION | L2: OBSERVACIONES
E3: Coef. | F3: Area requerida | G3: Area proyectada | H3: Coef. | I3: Area requerida | J3: Area proyectada
A4: PB
A5: 01 - Cocina / comedor | B5: 7.5 | C5: 3.5 | D5: =B5*C5 | E5: 9 | F5: =D5/E5 | G5: 16.95 | H5: i/3 | I5: =F5/3 | J5: 8.48 | K5: =IF(OR(G5="COND",J5="COND"),"COND",IF(AND(G5>=F5,J5>=I5),"CUMPLE","NO CUMPLE"))
A6: 02 - Deposito | B6: 3.8 | C6: 3.1 | D6: =B6*C6 | E6: - | F6: - | G6: - | H6: - | I6: - | J6: - | K6: NO EXIGIBLE | L6: Local no habitable: el codigo no le exige iluminacion ni ventilacion natural. Si se lo considera habitable, hay que preverle conducto.
A7: 03 - Lavadero | B7: 3.5 | C7: 1.7 | D7: =B7*C7 | E7: 9 | F7: =D7/E7 | G7: 10.5 | H7: i/3 | I7: =F7/3 | J7: 1.6 | K7: =IF(OR(G7="COND",J7="COND"),"COND",IF(AND(G7>=F7,J7>=I7),"CUMPLE","NO CUMPLE"))
A8: 06 - Living / comedor | B8: 8.4 | C8: 4 | D8: =B8*C8 | E8: 9 | F8: =D8/E8 | G8: 34.05 | H8: i/3 | I8: =F8/3 | J8: 15 | K8: =IF(OR(G8="COND",J8="COND"),"COND",IF(AND(G8>=F8,J8>=I8),"CUMPLE","NO CUMPLE"))
A9: 07 - Hall / ingreso | B9: 3.5 | C9: 2.15 | D9: =B9*C9 | E9: 9 | F9: =D9/E9 | G9: 10.5 | H9: i/3 | I9: =F9/3 | J9: 1.6 | K9: =IF(OR(G9="COND",J9="COND"),"COND",IF(AND(G9>=F9,J9>=I9),"CUMPLE","NO CUMPLE")) | L9: CORREGIDO: la planilla original repetia los valores del local 03 (0,66 y 0,22). Con 7,53 m2 corresponden 0,84 y 0,28. Cumple igual.
A10: 09 - Dormitorio suite | B10: 3.5 | C10: 3.5 | D10: =B10*C10 | E10: 9 | F10: =D10/E10 | G10: 6 | H10: i/3 | I10: =F10/3 | J10: 3 | K10: =IF(OR(G10="COND",J10="COND"),"COND",IF(AND(G10>=F10,J10>=I10),"CUMPLE","NO CUMPLE"))
A11: 10 - Bano suite | B11: 3.3 | C11: 1.7 | D11: =B11*C11 | E11: 9 | F11: =D11/E11 | G11: COND | H11: i/3 | I11: =F11/3 | J11: COND | K11: =IF(OR(G11="COND",J11="COND"),"COND",IF(AND(G11>=F11,J11>=I11),"CUMPLE","NO CUMPLE")) | L11: Sin ventana al exterior: se ventila por conducto o extraccion mecanica.
A12: 11 - Bano visita | B12: 2.4 | C12: 1.3 | D12: =B12*C12 | E12: 9 | F12: =D12/E12 | G12: COND | H12: i/3 | I12: =F12/3 | J12: COND | K12: =IF(OR(G12="COND",J12="COND"),"COND",IF(AND(G12>=F12,J12>=I12),"CUMPLE","NO CUMPLE")) | L12: Sin ventana al exterior: se ventila por conducto o extraccion mecanica.
A13: 12 - Bano exterior | B13: 1.9 | C13: 0.95 | D13: =B13*C13 | E13: 9 | F13: =D13/E13 | G13: COND | H13: i/3 | I13: =F13/3 | J13: COND | K13: =IF(OR(G13="COND",J13="COND"),"COND",IF(AND(G13>=F13,J13>=I13),"CUMPLE","NO CUMPLE")) | L13: Sin ventana al exterior: se ventila por conducto o extraccion mecanica.
A14: PA
A15: 13 - Dormitorio 1 | B15: 4.25 | C15: 4 | D15: =B15*C15 | E15: 9 | F15: =D15/E15 | G15: 8.75 | H15: i/3 | I15: =F15/3 | J15: 4.38 | K15: =IF(OR(G15="COND",J15="COND"),"COND",IF(AND(G15>=F15,J15>=I15),"CUMPLE","NO CUMPLE"))
A16: 14 - Estar / Playroom | B16: 4 | C16: 4.1 | D16: =B16*C16 | E16: 9 | F16: =D16/E16 | G16: 5 | H16: i/3 | I16: =F16/3 | J16: 5 | K16: =IF(OR(G16="COND",J16="COND"),"COND",IF(AND(G16>=F16,J16>=I16),"CUMPLE","NO CUMPLE")) | L16: La superficie abrible declarada iguala a la vidriada: supondria una carpinteria 100% abrible. En el resto de los locales la relacion es del 50%. Verificar.
A17: 15 - Dormitorio 2 | B17: 3.5 | C17: 4.05 | D17: =B17*C17 | E17: 9 | F17: =D17/E17 | G17: 3.75 | H17: i/3 | I17: =F17/3 | J17: 1.88 | K17: =IF(OR(G17="COND",J17="COND"),"COND",IF(AND(G17>=F17,J17>=I17),"CUMPLE","NO CUMPLE"))
A18: 17 - Bano | B18: 2.2 | C18: 1.6 | D18: =B18*C18 | E18: 9 | F18: =D18/E18 | G18: 1.875 | H18: i/3 | I18: =F18/3 | J18: 0.94 | K18: =IF(OR(G18="COND",J18="COND"),"COND",IF(AND(G18>=F18,J18>=I18),"CUMPLE","NO CUMPLE"))

Sheet Planilla vigas
A1: VIGAS H°A° H-21 ACERO 42/50
A2: NIVEL | B2: POSICION | C2: LUZ (m) | D2: CARGAS (kg/m) | F2: REACCIONES | H2: MOMENTO TRAMO (kgm) | I2: MOMENTO APOYO (kgm) | J2: DIMENSIONES | M2: ARMADURA TRAMO | P2: ARMADURA APOYO | S2: T (kg/cm2) | V2: ESTRIBOS | W2: VERIFICACION | X2: OBSERVACIONES | Y2: DATOS AUXILIARES
D3: p | E3: diagrama | F3: RA | G3: RB | J3: b | K3: h | L3: d | M3: cm2 | N3: n | O3: o | P3: cm2 | Q3: n | R3: o | S3: A | T3: B | U3: o | V3: SEPAR | Y3: esquema | Z3: tipo | AA3: hf losa | AB3: b ef tramo | AC3: b ef apoyo | AD3: B trib. | AE3: h muro | AF3: rec.
A4: PA | B4: VI 01a | C4: 9.9 | D4: =(Datos_vigas!$B$10*(VLOOKUP($A$4,Datos_vigas!$A$14:$E$15,2,0)*AD4+Datos_vigas!$B$7*J4*L4/10000+Datos_vigas!$B$16*AE4)+Datos_vigas!$B$11*VLOOKUP($A$4,Datos_vigas!$A$14:$E$15,3,0)*AD4) | F4: =VLOOKUP(Y4,Datos_vigas!$A$19:$E$23,4,0)*D4*C4 | G4: =F4 | H4: =VLOOKUP(Y4,Datos_vigas!$A$19:$E$23,2,0)*D4*C4^2 | I4: =IF(VLOOKUP(Y4,Datos_vigas!$A$19:$E$23,3,0)=0,"---",VLOOKUP(Y4,Datos_vigas!$A$19:$E$23,3,0)*D4*C4^2) | J4: 15 | K4: =L4-AF4 | L4: 70 | M4: =IF(NOT(ISNUMBER(H4)),"---",IF(H4<=0,"---",IF(H4*100/(Datos_vigas!$B$8*AB4*K4^2*Datos_vigas!$B$5)>=0.5,"REVISAR",MAX((1-SQRT(1-2*H4*100/(Datos_vigas!$B$8*AB4*K4^2*Datos_vigas!$B$5)))*AB4*K4*Datos_vigas!$B$5/Datos_vigas!$B$6,0.0033*J4*K4)))) | N4: 3 | O4: 12 | P4: =IF(NOT(ISNUMBER(I4)),"---",IF(I4<=0,"---",IF(I4*100/(Datos_vigas!$B$8*AC4*K4^2*Datos_vigas!$B$5)>=0.5,"REVISAR",MAX((1-SQRT(1-2*I4*100/(Datos_vigas!$B$8*AC4*K4^2*Datos_vigas!$B$5)))*AC4*K4*Datos_vigas!$B$5/Datos_vigas!$B$6,0.0033*J4*K4)))) | Q4: 2 | R4: 20 | S4: =F4/(J4*0.85*K4) | T4: =G4/(J4*0.85*K4) | U4: 6 | V4: 30 | W4: =IF(OR(M4="REVISAR",P4="REVISAR"),"SECCION INSUF.",IF(NOT(AND(M4<>"REVISAR",P4<>"REVISAR",IF(ISNUMBER(M4),N4*PI()*(O4/10)^2/4>=M4,TRUE),IF(ISNUMBER(P4),Q4*PI()*(R4/10)^2/4>=P4,TRUE),IF(ISNUMBER(M4),M4<=0.0163*AB4*K4,TRUE),IF(ISNUMBER(P4),P4<=0.0163*AC4*K4,TRUE))),"NO VERIFICA FLEX.",IF(NOT(F4<=Datos_vigas!$B$9*(0.53*SQRT(Datos_vigas!$B$5)*J4*K4+2*PI()*(U4/10)^2/4*Datos_vigas!$B$6*K4/V4)),"NO VERIF. CORTE",IF(NOT(L4>=C4*100/VLOOKUP(Y4,Datos_vigas!$A$19:$E$23,5,0)),"VERIFICAR FLECHA","VERIFICA")))) | X4: Viga de borde sobre la medianera: NO recibe losa. Solo peso propio y mamposteria. Apoya en el tabique T01a y en la columna COL 01 de 10x10. Viga de borde: recibe la reaccion de la losa excentrica y queda sometida a TORSION, no verificada en esta planilla. | Y4: Continua | Z4: Invertida | AA4: 12 | AB4: =IF(Z4="Colgante",MIN(C4*100/4,J4+16*AA4),J4) | AC4: =IF(Z4="Invertida",MIN(C4*100/4,J4+16*AA4),J4) | AD4: 0 | AE4: 2.6 | AF4: 3
B5: VI 01b | C5: 3.95 | D5: =(Datos_vigas!$B$10*(VLOOKUP($A$4,Datos_vigas!$A$14:$E$15,2,0)*AD5+Datos_vigas!$B$7*J5*L5/10000+Datos_vigas!$B$16*AE5)+Datos_vigas!$B$11*VLOOKUP($A$4,Datos_vigas!$A$14:$E$15,3,0)*AD5) | F5: =VLOOKUP(Y5,Datos_vigas!$A$19:$E$23,4,0)*D5*C5 | G5: =F5 | H5: =VLOOKUP(Y5,Datos_vigas!$A$19:$E$23,2,0)*D5*C5^2 | I5: =IF(VLOOKUP(Y5,Datos_vigas!$A$19:$E$23,3,0)=0,"---",VLOOKUP(Y5,Datos_vigas!$A$19:$E$23,3,0)*D5*C5^2) | J5: 15 | K5: =L5-AF5 | L5: 70 | M5: =IF(NOT(ISNUMBER(H5)),"---",IF(H5<=0,"---",IF(H5*100/(Datos_vigas!$B$8*AB5*K5^2*Datos_vigas!$B$5)>=0.5,"REVISAR",MAX((1-SQRT(1-2*H5*100/(Datos_vigas!$B$8*AB5*K5^2*Datos_vigas!$B$5)))*AB5*K5*Datos_vigas!$B$5/Datos_vigas!$B$6,0.0033*J5*K5)))) | N5: 3 | O5: 12 | P5: =IF(NOT(ISNUMBER(I5)),"---",IF(I5<=0,"---",IF(I5*100/(Datos_vigas!$B$8*AC5*K5^2*Datos_vigas!$B$5)>=0.5,"REVISAR",MAX((1-SQRT(1-2*I5*100/(Datos_vigas!$B$8*AC5*K5^2*Datos_vigas!$B$5)))*AC5*K5*Datos_vigas!$B$5/Datos_vigas!$B$6,0.0033*J5*K5)))) | Q5: 3 | R5: 12 | S5: =F5/(J5*0.85*K5) | T5: =G5/(J5*0.85*K5) | U5: 6 | V5: 30 | W5: =IF(OR(M5="REVISAR",P5="REVISAR"),"SECCION INSUF.",IF(NOT(AND(M5<>"REVISAR",P5<>"REVISAR",IF(ISNUMBER(M5),N5*PI()*(O5/10)^2/4>=M5,TRUE),IF(ISNUMBER(P5),Q5*PI()*(R5/10)^2/4>=P5,TRUE),IF(ISNUMBER(M5),M5<=0.0163*AB5*K5,TRUE),IF(ISNUMBER(P5),P5<=0.0163*AC5*K5,TRUE))),"NO VERIFICA FLEX.",IF(NOT(F5<=Datos_vigas!$B$9*(0.53*SQRT(Datos_vigas!$B$5)*J5*K5+2*PI()*(U5/10)^2/4*Datos_vigas!$B$6*K5/V5)),"NO VERIF. CORTE",IF(NOT(L5>=C5*100/VLOOKUP(Y5,Datos_vigas!$A$19:$E$23,5,0)),"VERIFICAR FLECHA","VERIFICA")))) | X5: Viga de borde: recibe la reaccion de la losa excentrica y queda sometida a TORSION, no verificada en esta planilla. | Y5: Continua | Z5: Invertida | AA5: 12 | AB5: =IF(Z5="Colgante",MIN(C5*100/4,J5+16*AA5),J5) | AC5: =IF(Z5="Invertida",MIN(C5*100/4,J5+16*AA5),J5) | AD5: 0 | AE5: 2.6 | AF5: 3
B6: VI 02 | C6: 9.88 | D6: =(Datos_vigas!$B$10*(VLOOKUP($A$4,Datos_vigas!$A$14:$E$15,2,0)*AD6+Datos_vigas!$B$7*J6*L6/10000+Datos_vigas!$B$16*AE6)+Datos_vigas!$B$11*VLOOKUP($A$4,Datos_vigas!$A$14:$E$15,3,0)*AD6) | F6: =VLOOKUP(Y6,Datos_vigas!$A$19:$E$23,4,0)*D6*C6 | G6: =F6 | H6: =VLOOKUP(Y6,Datos_vigas!$A$19:$E$23,2,0)*D6*C6^2 | I6: =IF(VLOOKUP(Y6,Datos_vigas!$A$19:$E$23,3,0)=0,"---",VLOOKUP(Y6,Datos_vigas!$A$19:$E$23,3,0)*D6*C6^2) | J6: 15 | K6: =L6-AF6 | L6: 70 | M6: =IF(NOT(ISNUMBER(H6)),"---",IF(H6<=0,"---",IF(H6*100/(Datos_vigas!$B$8*AB6*K6^2*Datos_vigas!$B$5)>=0.5,"REVISAR",MAX((1-SQRT(1-2*H6*100/(Datos_vigas!$B$8*AB6*K6^2*Datos_vigas!$B$5)))*AB6*K6*Datos_vigas!$B$5/Datos_vigas!$B$6,0.0033*J6*K6)))) | N6: 4 | O6: 20 | P6: =IF(NOT(ISNUMBER(I6)),"---",IF(I6<=0,"---",IF(I6*100/(Datos_vigas!$B$8*AC6*K6^2*Datos_vigas!$B$5)>=0.5,"REVISAR",MAX((1-SQRT(1-2*I6*100/(Datos_vigas!$B$8*AC6*K6^2*Datos_vigas!$B$5)))*AC6*K6*Datos_vigas!$B$5/Datos_vigas!$B$6,0.0033*J6*K6)))) | Q6: 4 | R6: 25 | S6: =F6/(J6*0.85*K6) | T6: =G6/(J6*0.85*K6) | U6: 8 | V6: 10 | W6: =IF(OR(M6="REVISAR",P6="REVISAR"),"SECCION INSUF.",IF(NOT(AND(M6<>"REVISAR",P6<>"REVISAR",IF(ISNUMBER(M6),N6*PI()*(O6/10)^2/4>=M6,TRUE),IF(ISNUMBER(P6),Q6*PI()*(R6/10)^2/4>=P6,TRUE),IF(ISNUMBER(M6),M6<=0.0163*AB6*K6,TRUE),IF(ISNUMBER(P6),P6<=0.0163*AC6*K6,TRUE))),"NO VERIFICA FLEX.",IF(NOT(F6<=Datos_vigas!$B$9*(0.53*SQRT(Datos_vigas!$B$5)*J6*K6+2*PI()*(U6/10)^2/4*Datos_vigas!$B$6*K6/V6)),"NO VERIF. CORTE",IF(NOT(L6>=C6*100/VLOOKUP(Y6,Datos_vigas!$A$19:$E$23,5,0)),"VERIFICAR FLECHA","VERIFICA")))) | X6: Armadura en 2 capas (rec. 6 cm). NO USAR TEXTO VIEJO. Recibe L03 (2,08 m) y el alero L02, computado como 0,59 m equivalentes por tener menor carga que un entrepiso. Con 9,88 m de luz y 15x60 la armadura de apoyo necesaria (25,5 cm2) supera la cuantia maxima (13,2). Apoyos confirmados en obra: tabique T07 perpendicular en el extremo superior y COL 02 en el inferior, sin apoyo intermedio. Para esta carga harian falta 15x75 (As 16,2 cm2). Verificar la seccion real construida. | Y6: Continua | Z6: Invertida | AA6: 12 | AB6: =IF(Z6="Colgante",MIN(C6*100/4,J6+16*AA6),J6) | AC6: =IF(Z6="Invertida",MIN(C6*100/4,J6+16*AA6),J6) | AD6: 2.689 | AE6: 2.6 | AF6: 6
B7: VI 03c | C7: 3.75 | D7: =(Datos_vigas!$B$10*(VLOOKUP($A$4,Datos_vigas!$A$14:$E$15,2,0)*AD7+Datos_vigas!$B$7*J7*L7/10000+Datos_vigas!$B$16*AE7)+Datos_vigas!$B$11*VLOOKUP($A$4,Datos_vigas!$A$14:$E$15,3,0)*AD7) | F7: =VLOOKUP(Y7,Datos_vigas!$A$19:$E$23,4,0)*D7*C7 | G7: =F7 | H7: =VLOOKUP(Y7,Datos_vigas!$A$19:$E$23,2,0)*D7*C7^2 | I7: =IF(VLOOKUP(Y7,Datos_vigas!$A$19:$E$23,3,0)=0,"---",VLOOKUP(Y7,Datos_vigas!$A$19:$E$23,3,0)*D7*C7^2) | J7: 15 | K7: =L7-AF7 | L7: 70 | M7: =IF(NOT(ISNUMBER(H7)),"---",IF(H7<=0,"---",IF(H7*100/(Datos_vigas!$B$8*AB7*K7^2*Datos_vigas!$B$5)>=0.5,"REVISAR",MAX((1-SQRT(1-2*H7*100/(Datos_vigas!$B$8*AB7*K7^2*Datos_vigas!$B$5)))*AB7*K7*Datos_vigas!$B$5/Datos_vigas!$B$6,0.0033*J7*K7)))) | N7: 3 | O7: 12 | P7: =IF(NOT(ISNUMBER(I7)),"---",IF(I7<=0,"---",IF(I7*100/(Datos_vigas!$B$8*AC7*K7^2*Datos_vigas!$B$5)>=0.5,"REVISAR",MAX((1-SQRT(1-2*I7*100/(Datos_vigas!$B$8*AC7*K7^2*Datos_vigas!$B$5)))*AC7*K7*Datos_vigas!$B$5/Datos_vigas!$B$6,0.0033*J7*K7)))) | Q7: 3 | R7: 12 | S7: =F7/(J7*0.85*K7) | T7: =G7/(J7*0.85*K7) | U7: 6 | V7: 30 | W7: =IF(OR(M7="REVISAR",P7="REVISAR"),"SECCION INSUF.",IF(NOT(AND(M7<>"REVISAR",P7<>"REVISAR",IF(ISNUMBER(M7),N7*PI()*(O7/10)^2/4>=M7,TRUE),IF(ISNUMBER(P7),Q7*PI()*(R7/10)^2/4>=P7,TRUE),IF(ISNUMBER(M7),M7<=0.0163*AB7*K7,TRUE),IF(ISNUMBER(P7),P7<=0.0163*AC7*K7,TRUE))),"NO VERIFICA FLEX.",IF(NOT(F7<=Datos_vigas!$B$9*(0.53*SQRT(Datos_vigas!$B$5)*J7*K7+2*PI()*(U7/10)^2/4*Datos_vigas!$B$6*K7/V7)),"NO VERIF. CORTE",IF(NOT(L7>=C7*100/VLOOKUP(Y7,Datos_vigas!$A$19:$E$23,5,0)),"VERIFICAR FLECHA","VERIFICA")))) | Y7: Continua | Z7: Invertida | AA7: 12 | AB7: =IF(Z7="Colgante",MIN(C7*100/4,J7+16*AA7),J7) | AC7: =IF(Z7="Invertida",MIN(C7*100/4,J7+16*AA7),J7) | AD7: 2.1 | AE7: 2.6 | AF7: 3
B8: VI 04a | C8: 3.75 | D8: =(Datos_vigas!$B$10*(VLOOKUP($A$4,Datos_vigas!$A$14:$E$15,2,0)*AD8+Datos_vigas!$B$7*J8*L8/10000+Datos_vigas!$B$16*AE8)+Datos_vigas!$B$11*VLOOKUP($A$4,Datos_vigas!$A$14:$E$15,3,0)*AD8) | F8: =VLOOKUP(Y8,Datos_vigas!$A$19:$E$23,4,0)*D8*C8 | G8: =F8 | H8: =VLOOKUP(Y8,Datos_vigas!$A$19:$E$23,2,0)*D8*C8^2 | I8: =IF(VLOOKUP(Y8,Datos_vigas!$A$19:$E$23,3,0)=0,"---",VLOOKUP(Y8,Datos_vigas!$A$19:$E$23,3,0)*D8*C8^2) | J8: 15 | K8: =L8-AF8 | L8: 70 | M8: =IF(NOT(ISNUMBER(H8)),"---",IF(H8<=0,"---",IF(H8*100/(Datos_vigas!$B$8*AB8*K8^2*Datos_vigas!$B$5)>=0.5,"REVISAR",MAX((1-SQRT(1-2*H8*100/(Datos_vigas!$B$8*AB8*K8^2*Datos_vigas!$B$5)))*AB8*K8*Datos_vigas!$B$5/Datos_vigas!$B$6,0.0033*J8*K8)))) | N8: 3 | O8: 12 | P8: =IF(NOT(ISNUMBER(I8)),"---",IF(I8<=0,"---",IF(I8*100/(Datos_vigas!$B$8*AC8*K8^2*Datos_vigas!$B$5)>=0.5,"REVISAR",MAX((1-SQRT(1-2*I8*100/(Datos_vigas!$B$8*AC8*K8^2*Datos_vigas!$B$5)))*AC8*K8*Datos_vigas!$B$5/Datos_vigas!$B$6,0.0033*J8*K8)))) | Q8: 3 | R8: 12 | S8: =F8/(J8*0.85*K8) | T8: =G8/(J8*0.85*K8) | U8: 6 | V8: 30 | W8: =IF(OR(M8="REVISAR",P8="REVISAR"),"SECCION INSUF.",IF(NOT(AND(M8<>"REVISAR",P8<>"REVISAR",IF(ISNUMBER(M8),N8*PI()*(O8/10)^2/4>=M8,TRUE),IF(ISNUMBER(P8),Q8*PI()*(R8/10)^2/4>=P8,TRUE),IF(ISNUMBER(M8),M8<=0.0163*AB8*K8,TRUE),IF(ISNUMBER(P8),P8<=0.0163*AC8*K8,TRUE))),"NO VERIFICA FLEX.",IF(NOT(F8<=Datos_vigas!$B$9*(0.53*SQRT(Datos_vigas!$B$5)*J8*K8+2*PI()*(U8/10)^2/4*Datos_vigas!$B$6*K8/V8)),"NO VERIF. CORTE",IF(NOT(L8>=C8*100/VLOOKUP(Y8,Datos_vigas!$A$19:$E$23,5,0)),"VERIFICAR FLECHA","VERIFICA")))) | Y8: Continua | Z8: Invertida | AA8: 12 | AB8: =IF(Z8="Colgante",MIN(C8*100/4,J8+16*AA8),J8) | AC8: =IF(Z8="Invertida",MIN(C8*100/4,J8+16*AA8),J8) | AD8: 0 | AE8: 2.6 | AF8: 3
B9: VI 04b | C9: 3.8 | D9: =(Datos_vigas!$B$10*(VLOOKUP($A$4,Datos_vigas!$A$14:$E$15,2,0)*AD9+Datos_vigas!$B$7*J9*L9/10000+Datos_vigas!$B$16*AE9)+Datos_vigas!$B$11*VLOOKUP($A$4,Datos_vigas!$A$14:$E$15,3,0)*AD9) | F9: =VLOOKUP(Y9,Datos_vigas!$A$19:$E$23,4,0)*D9*C9 | G9: =F9 | H9: =VLOOKUP(Y9,Datos_vigas!$A$19:$E$23,2,0)*D9*C9^2 | I9: =IF(VLOOKUP(Y9,Datos_vigas!$A$19:$E$23,3,0)=0,"---",VLOOKUP(Y9,Datos_vigas!$A$19:$E$23,3,0)*D9*C9^2) | J9: 15 | K9: =L9-AF9 | L9: 70 | M9: =IF(NOT(ISNUMBER(H9)),"---",IF(H9<=0,"---",IF(H9*100/(Datos_vigas!$B$8*AB9*K9^2*Datos_vigas!$B$5)>=0.5,"REVISAR",MAX((1-SQRT(1-2*H9*100/(Datos_vigas!$B$8*AB9*K9^2*Datos_vigas!$B$5)))*AB9*K9*Datos_vigas!$B$5/Datos_vigas!$B$6,0.0033*J9*K9)))) | N9: 3 | O9: 12 | P9: =IF(NOT(ISNUMBER(I9)),"---",IF(I9<=0,"---",IF(I9*100/(Datos_vigas!$B$8*AC9*K9^2*Datos_vigas!$B$5)>=0.5,"REVISAR",MAX((1-SQRT(1-2*I9*100/(Datos_vigas!$B$8*AC9*K9^2*Datos_vigas!$B$5)))*AC9*K9*Datos_vigas!$B$5/Datos_vigas!$B$6,0.0033*J9*K9)))) | Q9: 3 | R9: 12 | S9: =F9/(J9*0.85*K9) | T9: =G9/(J9*0.85*K9) | U9: 6 | V9: 30 | W9: =IF(OR(M9="REVISAR",P9="REVISAR"),"SECCION INSUF.",IF(NOT(AND(M9<>"REVISAR",P9<>"REVISAR",IF(ISNUMBER(M9),N9*PI()*(O9/10)^2/4>=M9,TRUE),IF(ISNUMBER(P9),Q9*PI()*(R9/10)^2/4>=P9,TRUE),IF(ISNUMBER(M9),M9<=0.0163*AB9*K9,TRUE),IF(ISNUMBER(P9),P9<=0.0163*AC9*K9,TRUE))),"NO VERIFICA FLEX.",IF(NOT(F9<=Datos_vigas!$B$9*(0.53*SQRT(Datos_vigas!$B$5)*J9*K9+2*PI()*(U9/10)^2/4*Datos_vigas!$B$6*K9/V9)),"NO VERIF. CORTE",IF(NOT(L9>=C9*100/VLOOKUP(Y9,Datos_vigas!$A$19:$E$23,5,0)),"VERIFICAR FLECHA","VERIFICA")))) | Y9: Continua | Z9: Invertida | AA9: 12 | AB9: =IF(Z9="Colgante",MIN(C9*100/4,J9+16*AA9),J9) | AC9: =IF(Z9="Invertida",MIN(C9*100/4,J9+16*AA9),J9) | AD9: 1.549 | AE9: 2.6 | AF9: 3
B10: VI 06 | C10: 6.53 | D10: =(Datos_vigas!$B$10*(VLOOKUP($A$4,Datos_vigas!$A$14:$E$15,2,0)*AD10+Datos_vigas!$B$7*J10*L10/10000+Datos_vigas!$B$16*AE10)+Datos_vigas!$B$11*VLOOKUP($A$4,Datos_vigas!$A$14:$E$15,3,0)*AD10) | F10: =VLOOKUP(Y10,Datos_vigas!$A$19:$E$23,4,0)*D10*C10 | G10: =F10 | H10: =VLOOKUP(Y10,Datos_vigas!$A$19:$E$23,2,0)*D10*C10^2 | I10: =IF(VLOOKUP(Y10,Datos_vigas!$A$19:$E$23,3,0)=0,"---",VLOOKUP(Y10,Datos_vigas!$A$19:$E$23,3,0)*D10*C10^2) | J10: 15 | K10: =L10-AF10 | L10: 70 | M10: =IF(NOT(ISNUMBER(H10)),"---",IF(H10<=0,"---",IF(H10*100/(Datos_vigas!$B$8*AB10*K10^2*Datos_vigas!$B$5)>=0.5,"REVISAR",MAX((1-SQRT(1-2*H10*100/(Datos_vigas!$B$8*AB10*K10^2*Datos_vigas!$B$5)))*AB10*K10*Datos_vigas!$B$5/Datos_vigas!$B$6,0.0033*J10*K10)))) | N10: 3 | O10: 12 | P10: =IF(NOT(ISNUMBER(I10)),"---",IF(I10<=0,"---",IF(I10*100/(Datos_vigas!$B$8*AC10*K10^2*Datos_vigas!$B$5)>=0.5,"REVISAR",MAX((1-SQRT(1-2*I10*100/(Datos_vigas!$B$8*AC10*K10^2*Datos_vigas!$B$5)))*AC10*K10*Datos_vigas!$B$5/Datos_vigas!$B$6,0.0033*J10*K10)))) | Q10: 2 | R10: 20 | S10: =F10/(J10*0.85*K10) | T10: =G10/(J10*0.85*K10) | U10: 6 | V10: 30 | W10: =IF(OR(M10="REVISAR",P10="REVISAR"),"SECCION INSUF.",IF(NOT(AND(M10<>"REVISAR",P10<>"REVISAR",IF(ISNUMBER(M10),N10*PI()*(O10/10)^2/4>=M10,TRUE),IF(ISNUMBER(P10),Q10*PI()*(R10/10)^2/4>=P10,TRUE),IF(ISNUMBER(M10),M10<=0.0163*AB10*K10,TRUE),IF(ISNUMBER(P10),P10<=0.0163*AC10*K10,TRUE))),"NO VERIFICA FLEX.",IF(NOT(F10<=Datos_vigas!$B$9*(0.53*SQRT(Datos_vigas!$B$5)*J10*K10+2*PI()*(U10/10)^2/4*Datos_vigas!$B$6*K10/V10)),"NO VERIF. CORTE",IF(NOT(L10>=C10*100/VLOOKUP(Y10,Datos_vigas!$A$19:$E$23,5,0)),"VERIFICAR FLECHA","VERIFICA")))) | X10: Longitud total 14,00 m. Sobre su eje hay cuatro columnas: trabaja como viga continua de tres tramos de 4,10, 4,32 y 6,53 m. Se calcula con el mayor. Es el cuarto borde de la losa cruzada L07. Longitud total 14,00 m. Sobre su eje hay cuatro columnas: trabaja como viga continua de tres tramos de 4,10, 4,32 y 6,53 m. Se calcula con el mayor. Es el cuarto borde de la losa cruzada L07. | Y10: Continua | Z10: Invertida | AA10: 12 | AB10: =IF(Z10="Colgante",MIN(C10*100/4,J10+16*AA10),J10) | AC10: =IF(Z10="Invertida",MIN(C10*100/4,J10+16*AA10),J10) | AD10: 1.549 | AE10: 2.6 | AF10: 3
B11: VI 07a | C11: 3.37 | D11: =(Datos_vigas!$B$10*(VLOOKUP($A$4,Datos_vigas!$A$14:$E$15,2,0)*AD11+Datos_vigas!$B$7*J11*L11/10000+Datos_vigas!$B$16*AE11)+Datos_vigas!$B$11*VLOOKUP($A$4,Datos_vigas!$A$14:$E$15,3,0)*AD11) | F11: =VLOOKUP(Y11,Datos_vigas!$A$19:$E$23,4,0)*D11*C11 | G11: =F11 | H11: =VLOOKUP(Y11,Datos_vigas!$A$19:$E$23,2,0)*D11*C11^2 | I11: =IF(VLOOKUP(Y11,Datos_vigas!$A$19:$E$23,3,0)=0,"---",VLOOKUP(Y11,Datos_vigas!$A$19:$E$23,3,0)*D11*C11^2) | J11: 15 | K11: =L11-AF11 | L11: 70 | M11: =IF(NOT(ISNUMBER(H11)),"---",IF(H11<=0,"---",IF(H11*100/(Datos_vigas!$B$8*AB11*K11^2*Datos_vigas!$B$5)>=0.5,"REVISAR",MAX((1-SQRT(1-2*H11*100/(Datos_vigas!$B$8*AB11*K11^2*Datos_vigas!$B$5)))*AB11*K11*Datos_vigas!$B$5/Datos_vigas!$B$6,0.0033*J11*K11)))) | N11: 3 | O11: 12 | P11: =IF(NOT(ISNUMBER(I11)),"---",IF(I11<=0,"---",IF(I11*100/(Datos_vigas!$B$8*AC11*K11^2*Datos_vigas!$B$5)>=0.5,"REVISAR",MAX((1-SQRT(1-2*I11*100/(Datos_vigas!$B$8*AC11*K11^2*Datos_vigas!$B$5)))*AC11*K11*Datos_vigas!$B$5/Datos_vigas!$B$6,0.0033*J11*K11)))) | Q11: 3 | R11: 12 | S11: =F11/(J11*0.85*K11) | T11: =G11/(J11*0.85*K11) | U11: 6 | V11: 30 | W11: =IF(OR(M11="REVISAR",P11="REVISAR"),"SECCION INSUF.",IF(NOT(AND(M11<>"REVISAR",P11<>"REVISAR",IF(ISNUMBER(M11),N11*PI()*(O11/10)^2/4>=M11,TRUE),IF(ISNUMBER(P11),Q11*PI()*(R11/10)^2/4>=P11,TRUE),IF(ISNUMBER(M11),M11<=0.0163*AB11*K11,TRUE),IF(ISNUMBER(P11),P11<=0.0163*AC11*K11,TRUE))),"NO VERIFICA FLEX.",IF(NOT(F11<=Datos_vigas!$B$9*(0.53*SQRT(Datos_vigas!$B$5)*J11*K11+2*PI()*(U11/10)^2/4*Datos_vigas!$B$6*K11/V11)),"NO VERIF. CORTE",IF(NOT(L11>=C11*100/VLOOKUP(Y11,Datos_vigas!$A$19:$E$23,5,0)),"VERIFICAR FLECHA","VERIFICA")))) | X11: Viga de borde: recibe la reaccion de la losa excentrica y queda sometida a TORSION, no verificada en esta planilla. | Y11: Continua | Z11: Invertida | AA11: 12 | AB11: =IF(Z11="Colgante",MIN(C11*100/4,J11+16*AA11),J11) | AC11: =IF(Z11="Invertida",MIN(C11*100/4,J11+16*AA11),J11) | AD11: 0.78 | AE11: 2.6 | AF11: 3
B12: VI 07b | C12: 4.03 | D12: =(Datos_vigas!$B$10*(VLOOKUP($A$4,Datos_vigas!$A$14:$E$15,2,0)*AD12+Datos_vigas!$B$7*J12*L12/10000+Datos_vigas!$B$16*AE12)+Datos_vigas!$B$11*VLOOKUP($A$4,Datos_vigas!$A$14:$E$15,3,0)*AD12) | F12: =VLOOKUP(Y12,Datos_vigas!$A$19:$E$23,4,0)*D12*C12 | G12: =F12 | H12: =VLOOKUP(Y12,Datos_vigas!$A$19:$E$23,2,0)*D12*C12^2 | I12: =IF(VLOOKUP(Y12,Datos_vigas!$A$19:$E$23,3,0)=0,"---",VLOOKUP(Y12,Datos_vigas!$A$19:$E$23,3,0)*D12*C12^2) | J12: 15 | K12: =L12-AF12 | L12: 70 | M12: =IF(NOT(ISNUMBER(H12)),"---",IF(H12<=0,"---",IF(H12*100/(Datos_vigas!$B$8*AB12*K12^2*Datos_vigas!$B$5)>=0.5,"REVISAR",MAX((1-SQRT(1-2*H12*100/(Datos_vigas!$B$8*AB12*K12^2*Datos_vigas!$B$5)))*AB12*K12*Datos_vigas!$B$5/Datos_vigas!$B$6,0.0033*J12*K12)))) | N12: 3 | O12: 12 | P12: =IF(NOT(ISNUMBER(I12)),"---",IF(I12<=0,"---",IF(I12*100/(Datos_vigas!$B$8*AC12*K12^2*Datos_vigas!$B$5)>=0.5,"REVISAR",MAX((1-SQRT(1-2*I12*100/(Datos_vigas!$B$8*AC12*K12^2*Datos_vigas!$B$5)))*AC12*K12*Datos_vigas!$B$5/Datos_vigas!$B$6,0.0033*J12*K12)))) | Q12: 3 | R12: 12 | S12: =F12/(J12*0.85*K12) | T12: =G12/(J12*0.85*K12) | U12: 6 | V12: 30 | W12: =IF(OR(M12="REVISAR",P12="REVISAR"),"SECCION INSUF.",IF(NOT(AND(M12<>"REVISAR",P12<>"REVISAR",IF(ISNUMBER(M12),N12*PI()*(O12/10)^2/4>=M12,TRUE),IF(ISNUMBER(P12),Q12*PI()*(R12/10)^2/4>=P12,TRUE),IF(ISNUMBER(M12),M12<=0.0163*AB12*K12,TRUE),IF(ISNUMBER(P12),P12<=0.0163*AC12*K12,TRUE))),"NO VERIFICA FLEX.",IF(NOT(F12<=Datos_vigas!$B$9*(0.53*SQRT(Datos_vigas!$B$5)*J12*K12+2*PI()*(U12/10)^2/4*Datos_vigas!$B$6*K12/V12)),"NO VERIF. CORTE",IF(NOT(L12>=C12*100/VLOOKUP(Y12,Datos_vigas!$A$19:$E$23,5,0)),"VERIFICAR FLECHA","VERIFICA")))) | X12: Viga de borde: recibe la reaccion de la losa excentrica y queda sometida a TORSION, no verificada en esta planilla. | Y12: Continua | Z12: Invertida | AA12: 12 | AB12: =IF(Z12="Colgante",MIN(C12*100/4,J12+16*AA12),J12) | AC12: =IF(Z12="Invertida",MIN(C12*100/4,J12+16*AA12),J12) | AD12: 0 | AE12: 2.6 | AF12: 3
B13: VI 07c | C13: 8.6 | D13: =(Datos_vigas!$B$10*(VLOOKUP($A$4,Datos_vigas!$A$14:$E$15,2,0)*AD13+Datos_vigas!$B$7*J13*L13/10000+Datos_vigas!$B$16*AE13)+Datos_vigas!$B$11*VLOOKUP($A$4,Datos_vigas!$A$14:$E$15,3,0)*AD13) | F13: =VLOOKUP(Y13,Datos_vigas!$A$19:$E$23,4,0)*D13*C13 | G13: =F13 | H13: =VLOOKUP(Y13,Datos_vigas!$A$19:$E$23,2,0)*D13*C13^2 | I13: =IF(VLOOKUP(Y13,Datos_vigas!$A$19:$E$23,3,0)=0,"---",VLOOKUP(Y13,Datos_vigas!$A$19:$E$23,3,0)*D13*C13^2) | J13: 15 | K13: =L13-AF13 | L13: 70 | M13: =IF(NOT(ISNUMBER(H13)),"---",IF(H13<=0,"---",IF(H13*100/(Datos_vigas!$B$8*AB13*K13^2*Datos_vigas!$B$5)>=0.5,"REVISAR",MAX((1-SQRT(1-2*H13*100/(Datos_vigas!$B$8*AB13*K13^2*Datos_vigas!$B$5)))*AB13*K13*Datos_vigas!$B$5/Datos_vigas!$B$6,0.0033*J13*K13)))) | N13: 4 | O13: 20 | P13: =IF(NOT(ISNUMBER(I13)),"---",IF(I13<=0,"---",IF(I13*100/(Datos_vigas!$B$8*AC13*K13^2*Datos_vigas!$B$5)>=0.5,"REVISAR",MAX((1-SQRT(1-2*I13*100/(Datos_vigas!$B$8*AC13*K13^2*Datos_vigas!$B$5)))*AC13*K13*Datos_vigas!$B$5/Datos_vigas!$B$6,0.0033*J13*K13)))) | Q13: 4 | R13: 25 | S13: =F13/(J13*0.85*K13) | T13: =G13/(J13*0.85*K13) | U13: 8 | V13: 10 | W13: =IF(OR(M13="REVISAR",P13="REVISAR"),"SECCION INSUF.",IF(NOT(AND(M13<>"REVISAR",P13<>"REVISAR",IF(ISNUMBER(M13),N13*PI()*(O13/10)^2/4>=M13,TRUE),IF(ISNUMBER(P13),Q13*PI()*(R13/10)^2/4>=P13,TRUE),IF(ISNUMBER(M13),M13<=0.0163*AB13*K13,TRUE),IF(ISNUMBER(P13),P13<=0.0163*AC13*K13,TRUE))),"NO VERIFICA FLEX.",IF(NOT(F13<=Datos_vigas!$B$9*(0.53*SQRT(Datos_vigas!$B$5)*J13*K13+2*PI()*(U13/10)^2/4*Datos_vigas!$B$6*K13/V13)),"NO VERIF. CORTE",IF(NOT(L13>=C13*100/VLOOKUP(Y13,Datos_vigas!$A$19:$E$23,5,0)),"VERIFICAR FLECHA","VERIFICA")))) | X13: Armadura en 2 capas (rec. 6 cm). Apoya en columna COL 02 de 15x30 y en el tabique T05b. Viga de borde: recibe la reaccion de la losa excentrica y queda sometida a TORSION, no verificada en esta planilla. | Y13: Empotrada-apoyada | Z13: Invertida | AA13: 12 | AB13: =IF(Z13="Colgante",MIN(C13*100/4,J13+16*AA13),J13) | AC13: =IF(Z13="Invertida",MIN(C13*100/4,J13+16*AA13),J13) | AD13: 3.71 | AE13: 2.6 | AF13: 6
B14: VI 08a | C14: 3.65 | D14: =(Datos_vigas!$B$10*(VLOOKUP($A$4,Datos_vigas!$A$14:$E$15,2,0)*AD14+Datos_vigas!$B$7*J14*L14/10000+Datos_vigas!$B$16*AE14)+Datos_vigas!$B$11*VLOOKUP($A$4,Datos_vigas!$A$14:$E$15,3,0)*AD14) | F14: =VLOOKUP(Y14,Datos_vigas!$A$19:$E$23,4,0)*D14*C14 | G14: =F14 | H14: =VLOOKUP(Y14,Datos_vigas!$A$19:$E$23,2,0)*D14*C14^2 | I14: =IF(VLOOKUP(Y14,Datos_vigas!$A$19:$E$23,3,0)=0,"---",VLOOKUP(Y14,Datos_vigas!$A$19:$E$23,3,0)*D14*C14^2) | J14: 15 | K14: =L14-AF14 | L14: 70 | M14: =IF(NOT(ISNUMBER(H14)),"---",IF(H14<=0,"---",IF(H14*100/(Datos_vigas!$B$8*AB14*K14^2*Datos_vigas!$B$5)>=0.5,"REVISAR",MAX((1-SQRT(1-2*H14*100/(Datos_vigas!$B$8*AB14*K14^2*Datos_vigas!$B$5)))*AB14*K14*Datos_vigas!$B$5/Datos_vigas!$B$6,0.0033*J14*K14)))) | N14: 3 | O14: 12 | P14: =IF(NOT(ISNUMBER(I14)),"---",IF(I14<=0,"---",IF(I14*100/(Datos_vigas!$B$8*AC14*K14^2*Datos_vigas!$B$5)>=0.5,"REVISAR",MAX((1-SQRT(1-2*I14*100/(Datos_vigas!$B$8*AC14*K14^2*Datos_vigas!$B$5)))*AC14*K14*Datos_vigas!$B$5/Datos_vigas!$B$6,0.0033*J14*K14)))) | Q14: 3 | R14: 12 | S14: =F14/(J14*0.85*K14) | T14: =G14/(J14*0.85*K14) | U14: 6 | V14: 30 | W14: =IF(OR(M14="REVISAR",P14="REVISAR"),"SECCION INSUF.",IF(NOT(AND(M14<>"REVISAR",P14<>"REVISAR",IF(ISNUMBER(M14),N14*PI()*(O14/10)^2/4>=M14,TRUE),IF(ISNUMBER(P14),Q14*PI()*(R14/10)^2/4>=P14,TRUE),IF(ISNUMBER(M14),M14<=0.0163*AB14*K14,TRUE),IF(ISNUMBER(P14),P14<=0.0163*AC14*K14,TRUE))),"NO VERIFICA FLEX.",IF(NOT(F14<=Datos_vigas!$B$9*(0.53*SQRT(Datos_vigas!$B$5)*J14*K14+2*PI()*(U14/10)^2/4*Datos_vigas!$B$6*K14/V14)),"NO VERIF. CORTE",IF(NOT(L14>=C14*100/VLOOKUP(Y14,Datos_vigas!$A$19:$E$23,5,0)),"VERIFICAR FLECHA","VERIFICA")))) | Y14: Continua | Z14: Invertida | AA14: 12 | AB14: =IF(Z14="Colgante",MIN(C14*100/4,J14+16*AA14),J14) | AC14: =IF(Z14="Invertida",MIN(C14*100/4,J14+16*AA14),J14) | AD14: 1.065 | AE14: 2.6 | AF14: 3
B15: VI 08b | C15: 4.87 | D15: =(Datos_vigas!$B$10*(VLOOKUP($A$4,Datos_vigas!$A$14:$E$15,2,0)*AD15+Datos_vigas!$B$7*J15*L15/10000+Datos_vigas!$B$16*AE15)+Datos_vigas!$B$11*VLOOKUP($A$4,Datos_vigas!$A$14:$E$15,3,0)*AD15) | F15: =VLOOKUP(Y15,Datos_vigas!$A$19:$E$23,4,0)*D15*C15 | G15: =F15 | H15: =VLOOKUP(Y15,Datos_vigas!$A$19:$E$23,2,0)*D15*C15^2 | I15: =IF(VLOOKUP(Y15,Datos_vigas!$A$19:$E$23,3,0)=0,"---",VLOOKUP(Y15,Datos_vigas!$A$19:$E$23,3,0)*D15*C15^2) | J15: 15 | K15: =L15-AF15 | L15: 70 | M15: =IF(NOT(ISNUMBER(H15)),"---",IF(H15<=0,"---",IF(H15*100/(Datos_vigas!$B$8*AB15*K15^2*Datos_vigas!$B$5)>=0.5,"REVISAR",MAX((1-SQRT(1-2*H15*100/(Datos_vigas!$B$8*AB15*K15^2*Datos_vigas!$B$5)))*AB15*K15*Datos_vigas!$B$5/Datos_vigas!$B$6,0.0033*J15*K15)))) | N15: 3 | O15: 12 | P15: =IF(NOT(ISNUMBER(I15)),"---",IF(I15<=0,"---",IF(I15*100/(Datos_vigas!$B$8*AC15*K15^2*Datos_vigas!$B$5)>=0.5,"REVISAR",MAX((1-SQRT(1-2*I15*100/(Datos_vigas!$B$8*AC15*K15^2*Datos_vigas!$B$5)))*AC15*K15*Datos_vigas!$B$5/Datos_vigas!$B$6,0.0033*J15*K15)))) | Q15: 3 | R15: 12 | S15: =F15/(J15*0.85*K15) | T15: =G15/(J15*0.85*K15) | U15: 6 | V15: 30 | W15: =IF(OR(M15="REVISAR",P15="REVISAR"),"SECCION INSUF.",IF(NOT(AND(M15<>"REVISAR",P15<>"REVISAR",IF(ISNUMBER(M15),N15*PI()*(O15/10)^2/4>=M15,TRUE),IF(ISNUMBER(P15),Q15*PI()*(R15/10)^2/4>=P15,TRUE),IF(ISNUMBER(M15),M15<=0.0163*AB15*K15,TRUE),IF(ISNUMBER(P15),P15<=0.0163*AC15*K15,TRUE))),"NO VERIFICA FLEX.",IF(NOT(F15<=Datos_vigas!$B$9*(0.53*SQRT(Datos_vigas!$B$5)*J15*K15+2*PI()*(U15/10)^2/4*Datos_vigas!$B$6*K15/V15)),"NO VERIF. CORTE",IF(NOT(L15>=C15*100/VLOOKUP(Y15,Datos_vigas!$A$19:$E$23,5,0)),"VERIFICAR FLECHA","VERIFICA")))) | Y15: Continua | Z15: Invertida | AA15: 12 | AB15: =IF(Z15="Colgante",MIN(C15*100/4,J15+16*AA15),J15) | AC15: =IF(Z15="Invertida",MIN(C15*100/4,J15+16*AA15),J15) | AD15: 1.065 | AE15: 2.6 | AF15: 3
B16: VI 09 | C16: 4.87 | D16: =(Datos_vigas!$B$10*(VLOOKUP($A$4,Datos_vigas!$A$14:$E$15,2,0)*AD16+Datos_vigas!$B$7*J16*L16/10000+Datos_vigas!$B$16*AE16)+Datos_vigas!$B$11*VLOOKUP($A$4,Datos_vigas!$A$14:$E$15,3,0)*AD16) | F16: =VLOOKUP(Y16,Datos_vigas!$A$19:$E$23,4,0)*D16*C16 | G16: =F16 | H16: =VLOOKUP(Y16,Datos_vigas!$A$19:$E$23,2,0)*D16*C16^2 | I16: =IF(VLOOKUP(Y16,Datos_vigas!$A$19:$E$23,3,0)=0,"---",VLOOKUP(Y16,Datos_vigas!$A$19:$E$23,3,0)*D16*C16^2) | J16: 15 | K16: =L16-AF16 | L16: 70 | M16: =IF(NOT(ISNUMBER(H16)),"---",IF(H16<=0,"---",IF(H16*100/(Datos_vigas!$B$8*AB16*K16^2*Datos_vigas!$B$5)>=0.5,"REVISAR",MAX((1-SQRT(1-2*H16*100/(Datos_vigas!$B$8*AB16*K16^2*Datos_vigas!$B$5)))*AB16*K16*Datos_vigas!$B$5/Datos_vigas!$B$6,0.0033*J16*K16)))) | N16: 3 | O16: 12 | P16: =IF(NOT(ISNUMBER(I16)),"---",IF(I16<=0,"---",IF(I16*100/(Datos_vigas!$B$8*AC16*K16^2*Datos_vigas!$B$5)>=0.5,"REVISAR",MAX((1-SQRT(1-2*I16*100/(Datos_vigas!$B$8*AC16*K16^2*Datos_vigas!$B$5)))*AC16*K16*Datos_vigas!$B$5/Datos_vigas!$B$6,0.0033*J16*K16)))) | Q16: --- | R16: --- | S16: =F16/(J16*0.85*K16) | T16: =G16/(J16*0.85*K16) | U16: 6 | V16: 30 | W16: =IF(OR(M16="REVISAR",P16="REVISAR"),"SECCION INSUF.",IF(NOT(AND(M16<>"REVISAR",P16<>"REVISAR",IF(ISNUMBER(M16),N16*PI()*(O16/10)^2/4>=M16,TRUE),IF(ISNUMBER(P16),Q16*PI()*(R16/10)^2/4>=P16,TRUE),IF(ISNUMBER(M16),M16<=0.0163*AB16*K16,TRUE),IF(ISNUMBER(P16),P16<=0.0163*AC16*K16,TRUE))),"NO VERIFICA FLEX.",IF(NOT(F16<=Datos_vigas!$B$9*(0.53*SQRT(Datos_vigas!$B$5)*J16*K16+2*PI()*(U16/10)^2/4*Datos_vigas!$B$6*K16/V16)),"NO VERIF. CORTE",IF(NOT(L16>=C16*100/VLOOKUP(Y16,Datos_vigas!$A$19:$E$23,5,0)),"VERIFICAR FLECHA","VERIFICA")))) | Y16: Simplemente apoyada | Z16: Invertida | AA16: 12 | AB16: =IF(Z16="Colgante",MIN(C16*100/4,J16+16*AA16),J16) | AC16: =IF(Z16="Invertida",MIN(C16*100/4,J16+16*AA16),J16) | AD16: 1.549 | AE16: 2.6 | AF16: 3
B17: VI 10a | C17: 2.55 | D17: =(Datos_vigas!$B$10*(VLOOKUP($A$4,Datos_vigas!$A$14:$E$15,2,0)*AD17+Datos_vigas!$B$7*J17*L17/10000+Datos_vigas!$B$16*AE17)+Datos_vigas!$B$11*VLOOKUP($A$4,Datos_vigas!$A$14:$E$15,3,0)*AD17) | F17: =VLOOKUP(Y17,Datos_vigas!$A$19:$E$23,4,0)*D17*C17 | G17: =F17 | H17: =VLOOKUP(Y17,Datos_vigas!$A$19:$E$23,2,0)*D17*C17^2 | I17: =IF(VLOOKUP(Y17,Datos_vigas!$A$19:$E$23,3,0)=0,"---",VLOOKUP(Y17,Datos_vigas!$A$19:$E$23,3,0)*D17*C17^2) | J17: 15 | K17: =L17-AF17 | L17: 70 | M17: =IF(NOT(ISNUMBER(H17)),"---",IF(H17<=0,"---",IF(H17*100/(Datos_vigas!$B$8*AB17*K17^2*Datos_vigas!$B$5)>=0.5,"REVISAR",MAX((1-SQRT(1-2*H17*100/(Datos_vigas!$B$8*AB17*K17^2*Datos_vigas!$B$5)))*AB17*K17*Datos_vigas!$B$5/Datos_vigas!$B$6,0.0033*J17*K17)))) | N17: 3 | O17: 12 | P17: =IF(NOT(ISNUMBER(I17)),"---",IF(I17<=0,"---",IF(I17*100/(Datos_vigas!$B$8*AC17*K17^2*Datos_vigas!$B$5)>=0.5,"REVISAR",MAX((1-SQRT(1-2*I17*100/(Datos_vigas!$B$8*AC17*K17^2*Datos_vigas!$B$5)))*AC17*K17*Datos_vigas!$B$5/Datos_vigas!$B$6,0.0033*J17*K17)))) | Q17: 3 | R17: 12 | S17: =F17/(J17*0.85*K17) | T17: =G17/(J17*0.85*K17) | U17: 6 | V17: 30 | W17: =IF(OR(M17="REVISAR",P17="REVISAR"),"SECCION INSUF.",IF(NOT(AND(M17<>"REVISAR",P17<>"REVISAR",IF(ISNUMBER(M17),N17*PI()*(O17/10)^2/4>=M17,TRUE),IF(ISNUMBER(P17),Q17*PI()*(R17/10)^2/4>=P17,TRUE),IF(ISNUMBER(M17),M17<=0.0163*AB17*K17,TRUE),IF(ISNUMBER(P17),P17<=0.0163*AC17*K17,TRUE))),"NO VERIFICA FLEX.",IF(NOT(F17<=Datos_vigas!$B$9*(0.53*SQRT(Datos_vigas!$B$5)*J17*K17+2*PI()*(U17/10)^2/4*Datos_vigas!$B$6*K17/V17)),"NO VERIF. CORTE",IF(NOT(L17>=C17*100/VLOOKUP(Y17,Datos_vigas!$A$19:$E$23,5,0)),"VERIFICAR FLECHA","VERIFICA")))) | Y17: Continua | Z17: Invertida | AA17: 12 | AB17: =IF(Z17="Colgante",MIN(C17*100/4,J17+16*AA17),J17) | AC17: =IF(Z17="Invertida",MIN(C17*100/4,J17+16*AA17),J17) | AD17: 0 | AE17: 2.6 | AF17: 3
B18: VI 10b | C18: 4 | D18: =(Datos_vigas!$B$10*(VLOOKUP($A$4,Datos_vigas!$A$14:$E$15,2,0)*AD18+Datos_vigas!$B$7*J18*L18/10000+Datos_vigas!$B$16*AE18)+Datos_vigas!$B$11*VLOOKUP($A$4,Datos_vigas!$A$14:$E$15,3,0)*AD18) | F18: =VLOOKUP(Y18,Datos_vigas!$A$19:$E$23,4,0)*D18*C18 | G18: =F18 | H18: =VLOOKUP(Y18,Datos_vigas!$A$19:$E$23,2,0)*D18*C18^2 | I18: =IF(VLOOKUP(Y18,Datos_vigas!$A$19:$E$23,3,0)=0,"---",VLOOKUP(Y18,Datos_vigas!$A$19:$E$23,3,0)*D18*C18^2) | J18: 15 | K18: =L18-AF18 | L18: 70 | M18: =IF(NOT(ISNUMBER(H18)),"---",IF(H18<=0,"---",IF(H18*100/(Datos_vigas!$B$8*AB18*K18^2*Datos_vigas!$B$5)>=0.5,"REVISAR",MAX((1-SQRT(1-2*H18*100/(Datos_vigas!$B$8*AB18*K18^2*Datos_vigas!$B$5)))*AB18*K18*Datos_vigas!$B$5/Datos_vigas!$B$6,0.0033*J18*K18)))) | N18: 3 | O18: 12 | P18: =IF(NOT(ISNUMBER(I18)),"---",IF(I18<=0,"---",IF(I18*100/(Datos_vigas!$B$8*AC18*K18^2*Datos_vigas!$B$5)>=0.5,"REVISAR",MAX((1-SQRT(1-2*I18*100/(Datos_vigas!$B$8*AC18*K18^2*Datos_vigas!$B$5)))*AC18*K18*Datos_vigas!$B$5/Datos_vigas!$B$6,0.0033*J18*K18)))) | Q18: 3 | R18: 12 | S18: =F18/(J18*0.85*K18) | T18: =G18/(J18*0.85*K18) | U18: 6 | V18: 30 | W18: =IF(OR(M18="REVISAR",P18="REVISAR"),"SECCION INSUF.",IF(NOT(AND(M18<>"REVISAR",P18<>"REVISAR",IF(ISNUMBER(M18),N18*PI()*(O18/10)^2/4>=M18,TRUE),IF(ISNUMBER(P18),Q18*PI()*(R18/10)^2/4>=P18,TRUE),IF(ISNUMBER(M18),M18<=0.0163*AB18*K18,TRUE),IF(ISNUMBER(P18),P18<=0.0163*AC18*K18,TRUE))),"NO VERIFICA FLEX.",IF(NOT(F18<=Datos_vigas!$B$9*(0.53*SQRT(Datos_vigas!$B$5)*J18*K18+2*PI()*(U18/10)^2/4*Datos_vigas!$B$6*K18/V18)),"NO VERIF. CORTE",IF(NOT(L18>=C18*100/VLOOKUP(Y18,Datos_vigas!$A$19:$E$23,5,0)),"VERIFICAR FLECHA","VERIFICA")))) | Y18: Continua | Z18: Invertida | AA18: 12 | AB18: =IF(Z18="Colgante",MIN(C18*100/4,J18+16*AA18),J18) | AC18: =IF(Z18="Invertida",MIN(C18*100/4,J18+16*AA18),J18) | AD18: 1.825 | AE18: 2.6 | AF18: 3
B19: VI 10c | C19: 3.6 | D19: =(Datos_vigas!$B$10*(VLOOKUP($A$4,Datos_vigas!$A$14:$E$15,2,0)*AD19+Datos_vigas!$B$7*J19*L19/10000+Datos_vigas!$B$16*AE19)+Datos_vigas!$B$11*VLOOKUP($A$4,Datos_vigas!$A$14:$E$15,3,0)*AD19) | F19: =VLOOKUP(Y19,Datos_vigas!$A$19:$E$23,4,0)*D19*C19 | G19: =F19 | H19: =VLOOKUP(Y19,Datos_vigas!$A$19:$E$23,2,0)*D19*C19^2 | I19: =IF(VLOOKUP(Y19,Datos_vigas!$A$19:$E$23,3,0)=0,"---",VLOOKUP(Y19,Datos_vigas!$A$19:$E$23,3,0)*D19*C19^2) | J19: 15 | K19: =L19-AF19 | L19: 70 | M19: =IF(NOT(ISNUMBER(H19)),"---",IF(H19<=0,"---",IF(H19*100/(Datos_vigas!$B$8*AB19*K19^2*Datos_vigas!$B$5)>=0.5,"REVISAR",MAX((1-SQRT(1-2*H19*100/(Datos_vigas!$B$8*AB19*K19^2*Datos_vigas!$B$5)))*AB19*K19*Datos_vigas!$B$5/Datos_vigas!$B$6,0.0033*J19*K19)))) | N19: 3 | O19: 12 | P19: =IF(NOT(ISNUMBER(I19)),"---",IF(I19<=0,"---",IF(I19*100/(Datos_vigas!$B$8*AC19*K19^2*Datos_vigas!$B$5)>=0.5,"REVISAR",MAX((1-SQRT(1-2*I19*100/(Datos_vigas!$B$8*AC19*K19^2*Datos_vigas!$B$5)))*AC19*K19*Datos_vigas!$B$5/Datos_vigas!$B$6,0.0033*J19*K19)))) | Q19: 3 | R19: 12 | S19: =F19/(J19*0.85*K19) | T19: =G19/(J19*0.85*K19) | U19: 6 | V19: 30 | W19: =IF(OR(M19="REVISAR",P19="REVISAR"),"SECCION INSUF.",IF(NOT(AND(M19<>"REVISAR",P19<>"REVISAR",IF(ISNUMBER(M19),N19*PI()*(O19/10)^2/4>=M19,TRUE),IF(ISNUMBER(P19),Q19*PI()*(R19/10)^2/4>=P19,TRUE),IF(ISNUMBER(M19),M19<=0.0163*AB19*K19,TRUE),IF(ISNUMBER(P19),P19<=0.0163*AC19*K19,TRUE))),"NO VERIFICA FLEX.",IF(NOT(F19<=Datos_vigas!$B$9*(0.53*SQRT(Datos_vigas!$B$5)*J19*K19+2*PI()*(U19/10)^2/4*Datos_vigas!$B$6*K19/V19)),"NO VERIF. CORTE",IF(NOT(L19>=C19*100/VLOOKUP(Y19,Datos_vigas!$A$19:$E$23,5,0)),"VERIFICAR FLECHA","VERIFICA")))) | Y19: Continua | Z19: Invertida | AA19: 12 | AB19: =IF(Z19="Colgante",MIN(C19*100/4,J19+16*AA19),J19) | AC19: =IF(Z19="Invertida",MIN(C19*100/4,J19+16*AA19),J19) | AD19: 0 | AE19: 2.6 | AF19: 3
B20: VI 11a | C20: 7.68 | D20: =(Datos_vigas!$B$10*(VLOOKUP($A$4,Datos_vigas!$A$14:$E$15,2,0)*AD20+Datos_vigas!$B$7*J20*L20/10000+Datos_vigas!$B$16*AE20)+Datos_vigas!$B$11*VLOOKUP($A$4,Datos_vigas!$A$14:$E$15,3,0)*AD20) | F20: =VLOOKUP(Y20,Datos_vigas!$A$19:$E$23,4,0)*D20*C20 | G20: =F20 | H20: =VLOOKUP(Y20,Datos_vigas!$A$19:$E$23,2,0)*D20*C20^2 | I20: =IF(VLOOKUP(Y20,Datos_vigas!$A$19:$E$23,3,0)=0,"---",VLOOKUP(Y20,Datos_vigas!$A$19:$E$23,3,0)*D20*C20^2) | J20: 15 | K20: =L20-AF20 | L20: 70 | M20: =IF(NOT(ISNUMBER(H20)),"---",IF(H20<=0,"---",IF(H20*100/(Datos_vigas!$B$8*AB20*K20^2*Datos_vigas!$B$5)>=0.5,"REVISAR",MAX((1-SQRT(1-2*H20*100/(Datos_vigas!$B$8*AB20*K20^2*Datos_vigas!$B$5)))*AB20*K20*Datos_vigas!$B$5/Datos_vigas!$B$6,0.0033*J20*K20)))) | N20: 2 | O20: 20 | P20: =IF(NOT(ISNUMBER(I20)),"---",IF(I20<=0,"---",IF(I20*100/(Datos_vigas!$B$8*AC20*K20^2*Datos_vigas!$B$5)>=0.5,"REVISAR",MAX((1-SQRT(1-2*I20*100/(Datos_vigas!$B$8*AC20*K20^2*Datos_vigas!$B$5)))*AC20*K20*Datos_vigas!$B$5/Datos_vigas!$B$6,0.0033*J20*K20)))) | Q20: 2 | R20: 25 | S20: =F20/(J20*0.85*K20) | T20: =G20/(J20*0.85*K20) | U20: 6 | V20: 10 | W20: =IF(OR(M20="REVISAR",P20="REVISAR"),"SECCION INSUF.",IF(NOT(AND(M20<>"REVISAR",P20<>"REVISAR",IF(ISNUMBER(M20),N20*PI()*(O20/10)^2/4>=M20,TRUE),IF(ISNUMBER(P20),Q20*PI()*(R20/10)^2/4>=P20,TRUE),IF(ISNUMBER(M20),M20<=0.0163*AB20*K20,TRUE),IF(ISNUMBER(P20),P20<=0.0163*AC20*K20,TRUE))),"NO VERIFICA FLEX.",IF(NOT(F20<=Datos_vigas!$B$9*(0.53*SQRT(Datos_vigas!$B$5)*J20*K20+2*PI()*(U20/10)^2/4*Datos_vigas!$B$6*K20/V20)),"NO VERIF. CORTE",IF(NOT(L20>=C20*100/VLOOKUP(Y20,Datos_vigas!$A$19:$E$23,5,0)),"VERIFICAR FLECHA","VERIFICA")))) | X20: El plano rotula 'VI 111'; se interpreta 11a por el orden a-b-c. Sin apoyo intermedio, empotrada en tabiques. Apoya en columna COL 02 de 15x30 y en el tabique T08a. Viga de borde: recibe la reaccion de la losa excentrica y queda sometida a TORSION, no verificada en esta planilla. | Y20: Empotrada-apoyada | Z20: Invertida | AA20: 12 | AB20: =IF(Z20="Colgante",MIN(C20*100/4,J20+16*AA20),J20) | AC20: =IF(Z20="Invertida",MIN(C20*100/4,J20+16*AA20),J20) | AD20: 1.825 | AE20: 2.6 | AF20: 3
B21: VI 11b | C21: 3.45 | D21: =(Datos_vigas!$B$10*(VLOOKUP($A$4,Datos_vigas!$A$14:$E$15,2,0)*AD21+Datos_vigas!$B$7*J21*L21/10000+Datos_vigas!$B$16*AE21)+Datos_vigas!$B$11*VLOOKUP($A$4,Datos_vigas!$A$14:$E$15,3,0)*AD21) | F21: =VLOOKUP(Y21,Datos_vigas!$A$19:$E$23,4,0)*D21*C21 | G21: =F21 | H21: =VLOOKUP(Y21,Datos_vigas!$A$19:$E$23,2,0)*D21*C21^2 | I21: =IF(VLOOKUP(Y21,Datos_vigas!$A$19:$E$23,3,0)=0,"---",VLOOKUP(Y21,Datos_vigas!$A$19:$E$23,3,0)*D21*C21^2) | J21: 15 | K21: =L21-AF21 | L21: 70 | M21: =IF(NOT(ISNUMBER(H21)),"---",IF(H21<=0,"---",IF(H21*100/(Datos_vigas!$B$8*AB21*K21^2*Datos_vigas!$B$5)>=0.5,"REVISAR",MAX((1-SQRT(1-2*H21*100/(Datos_vigas!$B$8*AB21*K21^2*Datos_vigas!$B$5)))*AB21*K21*Datos_vigas!$B$5/Datos_vigas!$B$6,0.0033*J21*K21)))) | N21: 3 | O21: 12 | P21: =IF(NOT(ISNUMBER(I21)),"---",IF(I21<=0,"---",IF(I21*100/(Datos_vigas!$B$8*AC21*K21^2*Datos_vigas!$B$5)>=0.5,"REVISAR",MAX((1-SQRT(1-2*I21*100/(Datos_vigas!$B$8*AC21*K21^2*Datos_vigas!$B$5)))*AC21*K21*Datos_vigas!$B$5/Datos_vigas!$B$6,0.0033*J21*K21)))) | Q21: 3 | R21: 12 | S21: =F21/(J21*0.85*K21) | T21: =G21/(J21*0.85*K21) | U21: 6 | V21: 30 | W21: =IF(OR(M21="REVISAR",P21="REVISAR"),"SECCION INSUF.",IF(NOT(AND(M21<>"REVISAR",P21<>"REVISAR",IF(ISNUMBER(M21),N21*PI()*(O21/10)^2/4>=M21,TRUE),IF(ISNUMBER(P21),Q21*PI()*(R21/10)^2/4>=P21,TRUE),IF(ISNUMBER(M21),M21<=0.0163*AB21*K21,TRUE),IF(ISNUMBER(P21),P21<=0.0163*AC21*K21,TRUE))),"NO VERIFICA FLEX.",IF(NOT(F21<=Datos_vigas!$B$9*(0.53*SQRT(Datos_vigas!$B$5)*J21*K21+2*PI()*(U21/10)^2/4*Datos_vigas!$B$6*K21/V21)),"NO VERIF. CORTE",IF(NOT(L21>=C21*100/VLOOKUP(Y21,Datos_vigas!$A$19:$E$23,5,0)),"VERIFICAR FLECHA","VERIFICA")))) | X21: Viga de borde: recibe la reaccion de la losa excentrica y queda sometida a TORSION, no verificada en esta planilla. | Y21: Continua | Z21: Invertida | AA21: 12 | AB21: =IF(Z21="Colgante",MIN(C21*100/4,J21+16*AA21),J21) | AC21: =IF(Z21="Invertida",MIN(C21*100/4,J21+16*AA21),J21) | AD21: 0 | AE21: 2.6 | AF21: 3
B22: VI 11c | C22: 5.02 | D22: =(Datos_vigas!$B$10*(VLOOKUP($A$4,Datos_vigas!$A$14:$E$15,2,0)*AD22+Datos_vigas!$B$7*J22*L22/10000+Datos_vigas!$B$16*AE22)+Datos_vigas!$B$11*VLOOKUP($A$4,Datos_vigas!$A$14:$E$15,3,0)*AD22) | F22: =VLOOKUP(Y22,Datos_vigas!$A$19:$E$23,4,0)*D22*C22 | G22: =F22 | H22: =VLOOKUP(Y22,Datos_vigas!$A$19:$E$23,2,0)*D22*C22^2 | I22: =IF(VLOOKUP(Y22,Datos_vigas!$A$19:$E$23,3,0)=0,"---",VLOOKUP(Y22,Datos_vigas!$A$19:$E$23,3,0)*D22*C22^2) | J22: 15 | K22: =L22-AF22 | L22: 70 | M22: =IF(NOT(ISNUMBER(H22)),"---",IF(H22<=0,"---",IF(H22*100/(Datos_vigas!$B$8*AB22*K22^2*Datos_vigas!$B$5)>=0.5,"REVISAR",MAX((1-SQRT(1-2*H22*100/(Datos_vigas!$B$8*AB22*K22^2*Datos_vigas!$B$5)))*AB22*K22*Datos_vigas!$B$5/Datos_vigas!$B$6,0.0033*J22*K22)))) | N22: 3 | O22: 12 | P22: =IF(NOT(ISNUMBER(I22)),"---",IF(I22<=0,"---",IF(I22*100/(Datos_vigas!$B$8*AC22*K22^2*Datos_vigas!$B$5)>=0.5,"REVISAR",MAX((1-SQRT(1-2*I22*100/(Datos_vigas!$B$8*AC22*K22^2*Datos_vigas!$B$5)))*AC22*K22*Datos_vigas!$B$5/Datos_vigas!$B$6,0.0033*J22*K22)))) | Q22: 3 | R22: 12 | S22: =F22/(J22*0.85*K22) | T22: =G22/(J22*0.85*K22) | U22: 6 | V22: 30 | W22: =IF(OR(M22="REVISAR",P22="REVISAR"),"SECCION INSUF.",IF(NOT(AND(M22<>"REVISAR",P22<>"REVISAR",IF(ISNUMBER(M22),N22*PI()*(O22/10)^2/4>=M22,TRUE),IF(ISNUMBER(P22),Q22*PI()*(R22/10)^2/4>=P22,TRUE),IF(ISNUMBER(M22),M22<=0.0163*AB22*K22,TRUE),IF(ISNUMBER(P22),P22<=0.0163*AC22*K22,TRUE))),"NO VERIFICA FLEX.",IF(NOT(F22<=Datos_vigas!$B$9*(0.53*SQRT(Datos_vigas!$B$5)*J22*K22+2*PI()*(U22/10)^2/4*Datos_vigas!$B$6*K22/V22)),"NO VERIF. CORTE",IF(NOT(L22>=C22*100/VLOOKUP(Y22,Datos_vigas!$A$19:$E$23,5,0)),"VERIFICAR FLECHA","VERIFICA")))) | X22: Viga de borde: recibe la reaccion de la losa excentrica y queda sometida a TORSION, no verificada en esta planilla. | Y22: Continua | Z22: Invertida | AA22: 12 | AB22: =IF(Z22="Colgante",MIN(C22*100/4,J22+16*AA22),J22) | AC22: =IF(Z22="Invertida",MIN(C22*100/4,J22+16*AA22),J22) | AD22: 1.549 | AE22: 2.6 | AF22: 3
B23: VCH 03a | C23: 3.71 | D23: =(Datos_vigas!$B$10*(VLOOKUP($A$4,Datos_vigas!$A$14:$E$15,2,0)*AD23+Datos_vigas!$B$7*J23*L23/10000+Datos_vigas!$B$16*AE23)+Datos_vigas!$B$11*VLOOKUP($A$4,Datos_vigas!$A$14:$E$15,3,0)*AD23) | F23: =VLOOKUP(Y23,Datos_vigas!$A$19:$E$23,4,0)*D23*C23 | G23: =F23 | H23: =VLOOKUP(Y23,Datos_vigas!$A$19:$E$23,2,0)*D23*C23^2 | I23: =IF(VLOOKUP(Y23,Datos_vigas!$A$19:$E$23,3,0)=0,"---",VLOOKUP(Y23,Datos_vigas!$A$19:$E$23,3,0)*D23*C23^2) | J23: 40 | K23: =L23-AF23 | L23: 13 | M23: =IF(NOT(ISNUMBER(H23)),"---",IF(H23<=0,"---",IF(H23*100/(Datos_vigas!$B$8*AB23*K23^2*Datos_vigas!$B$5)>=0.5,"REVISAR",MAX((1-SQRT(1-2*H23*100/(Datos_vigas!$B$8*AB23*K23^2*Datos_vigas!$B$5)))*AB23*K23*Datos_vigas!$B$5/Datos_vigas!$B$6,0.0033*J23*K23)))) | N23: 8 | O23: 12 | P23: =IF(NOT(ISNUMBER(I23)),"---",IF(I23<=0,"---",IF(I23*100/(Datos_vigas!$B$8*AC23*K23^2*Datos_vigas!$B$5)>=0.5,"REVISAR",MAX((1-SQRT(1-2*I23*100/(Datos_vigas!$B$8*AC23*K23^2*Datos_vigas!$B$5)))*AC23*K23*Datos_vigas!$B$5/Datos_vigas!$B$6,0.0033*J23*K23)))) | Q23: 5 | R23: 6 | S23: =F23/(J23*0.85*K23) | T23: =G23/(J23*0.85*K23) | U23: 12 | V23: 5 | W23: =IF(OR(M23="REVISAR",P23="REVISAR"),"SECCION INSUF.",IF(NOT(AND(M23<>"REVISAR",P23<>"REVISAR",IF(ISNUMBER(M23),N23*PI()*(O23/10)^2/4>=M23,TRUE),IF(ISNUMBER(P23),Q23*PI()*(R23/10)^2/4>=P23,TRUE),IF(ISNUMBER(M23),M23<=0.0163*AB23*K23,TRUE),IF(ISNUMBER(P23),P23<=0.0163*AC23*K23,TRUE))),"NO VERIFICA FLEX.",IF(NOT(F23<=Datos_vigas!$B$9*(0.53*SQRT(Datos_vigas!$B$5)*J23*K23+2*PI()*(U23/10)^2/4*Datos_vigas!$B$6*K23/V23)),"NO VERIF. CORTE",IF(NOT(L23>=C23*100/VLOOKUP(Y23,Datos_vigas!$A$19:$E$23,5,0)),"VERIFICAR FLECHA","VERIFICA")))) | X23: Excede cuantia maxima y no llega a la altura minima por flecha. Revisar el ancho tributario real. Separacion de estribos menor a 10 cm: revisar constructividad. | Y23: Continua | Z23: Colgante | AA23: 12 | AB23: =IF(Z23="Colgante",MIN(C23*100/4,J23+16*AA23),J23) | AC23: =IF(Z23="Invertida",MIN(C23*100/4,J23+16*AA23),J23) | AD23: 2.1 | AE23: 2.6 | AF23: 3
B24: VCH 03b | C24: 2.13 | D24: =(Datos_vigas!$B$10*(VLOOKUP($A$4,Datos_vigas!$A$14:$E$15,2,0)*AD24+Datos_vigas!$B$7*J24*L24/10000+Datos_vigas!$B$16*AE24)+Datos_vigas!$B$11*VLOOKUP($A$4,Datos_vigas!$A$14:$E$15,3,0)*AD24) | F24: =VLOOKUP(Y24,Datos_vigas!$A$19:$E$23,4,0)*D24*C24 | G24: =F24 | H24: =VLOOKUP(Y24,Datos_vigas!$A$19:$E$23,2,0)*D24*C24^2 | I24: =IF(VLOOKUP(Y24,Datos_vigas!$A$19:$E$23,3,0)=0,"---",VLOOKUP(Y24,Datos_vigas!$A$19:$E$23,3,0)*D24*C24^2) | J24: 40 | K24: =L24-AF24 | L24: 13 | M24: =IF(NOT(ISNUMBER(H24)),"---",IF(H24<=0,"---",IF(H24*100/(Datos_vigas!$B$8*AB24*K24^2*Datos_vigas!$B$5)>=0.5,"REVISAR",MAX((1-SQRT(1-2*H24*100/(Datos_vigas!$B$8*AB24*K24^2*Datos_vigas!$B$5)))*AB24*K24*Datos_vigas!$B$5/Datos_vigas!$B$6,0.0033*J24*K24)))) | N24: 10 | O24: 6 | P24: =IF(NOT(ISNUMBER(I24)),"---",IF(I24<=0,"---",IF(I24*100/(Datos_vigas!$B$8*AC24*K24^2*Datos_vigas!$B$5)>=0.5,"REVISAR",MAX((1-SQRT(1-2*I24*100/(Datos_vigas!$B$8*AC24*K24^2*Datos_vigas!$B$5)))*AC24*K24*Datos_vigas!$B$5/Datos_vigas!$B$6,0.0033*J24*K24)))) | Q24: 8 | R24: 8 | S24: =F24/(J24*0.85*K24) | T24: =G24/(J24*0.85*K24) | U24: 12 | V24: 5 | W24: =IF(OR(M24="REVISAR",P24="REVISAR"),"SECCION INSUF.",IF(NOT(AND(M24<>"REVISAR",P24<>"REVISAR",IF(ISNUMBER(M24),N24*PI()*(O24/10)^2/4>=M24,TRUE),IF(ISNUMBER(P24),Q24*PI()*(R24/10)^2/4>=P24,TRUE),IF(ISNUMBER(M24),M24<=0.0163*AB24*K24,TRUE),IF(ISNUMBER(P24),P24<=0.0163*AC24*K24,TRUE))),"NO VERIFICA FLEX.",IF(NOT(F24<=Datos_vigas!$B$9*(0.53*SQRT(Datos_vigas!$B$5)*J24*K24+2*PI()*(U24/10)^2/4*Datos_vigas!$B$6*K24/V24)),"NO VERIF. CORTE",IF(NOT(L24>=C24*100/VLOOKUP(Y24,Datos_vigas!$A$19:$E$23,5,0)),"VERIFICAR FLECHA","VERIFICA")))) | X24: Separacion de estribos menor a 10 cm: revisar constructividad. | Y24: Continua | Z24: Colgante | AA24: 12 | AB24: =IF(Z24="Colgante",MIN(C24*100/4,J24+16*AA24),J24) | AC24: =IF(Z24="Invertida",MIN(C24*100/4,J24+16*AA24),J24) | AD24: 2.1 | AE24: 2.6 | AF24: 3
B25: VCH 05 | C25: 3.71 | D25: =(Datos_vigas!$B$10*(VLOOKUP($A$4,Datos_vigas!$A$14:$E$15,2,0)*AD25+Datos_vigas!$B$7*J25*L25/10000+Datos_vigas!$B$16*AE25)+Datos_vigas!$B$11*VLOOKUP($A$4,Datos_vigas!$A$14:$E$15,3,0)*AD25) | F25: =VLOOKUP(Y25,Datos_vigas!$A$19:$E$23,4,0)*D25*C25 | G25: =F25 | H25: =VLOOKUP(Y25,Datos_vigas!$A$19:$E$23,2,0)*D25*C25^2 | I25: =IF(VLOOKUP(Y25,Datos_vigas!$A$19:$E$23,3,0)=0,"---",VLOOKUP(Y25,Datos_vigas!$A$19:$E$23,3,0)*D25*C25^2) | J25: 12 | K25: =L25-AF25 | L25: 45 | M25: =IF(NOT(ISNUMBER(H25)),"---",IF(H25<=0,"---",IF(H25*100/(Datos_vigas!$B$8*AB25*K25^2*Datos_vigas!$B$5)>=0.5,"REVISAR",MAX((1-SQRT(1-2*H25*100/(Datos_vigas!$B$8*AB25*K25^2*Datos_vigas!$B$5)))*AB25*K25*Datos_vigas!$B$5/Datos_vigas!$B$6,0.0033*J25*K25)))) | N25: 2 | O25: 12 | P25: =IF(NOT(ISNUMBER(I25)),"---",IF(I25<=0,"---",IF(I25*100/(Datos_vigas!$B$8*AC25*K25^2*Datos_vigas!$B$5)>=0.5,"REVISAR",MAX((1-SQRT(1-2*I25*100/(Datos_vigas!$B$8*AC25*K25^2*Datos_vigas!$B$5)))*AC25*K25*Datos_vigas!$B$5/Datos_vigas!$B$6,0.0033*J25*K25)))) | Q25: --- | R25: --- | S25: =F25/(J25*0.85*K25) | T25: =G25/(J25*0.85*K25) | U25: 6 | V25: 20 | W25: =IF(OR(M25="REVISAR",P25="REVISAR"),"SECCION INSUF.",IF(NOT(AND(M25<>"REVISAR",P25<>"REVISAR",IF(ISNUMBER(M25),N25*PI()*(O25/10)^2/4>=M25,TRUE),IF(ISNUMBER(P25),Q25*PI()*(R25/10)^2/4>=P25,TRUE),IF(ISNUMBER(M25),M25<=0.0163*AB25*K25,TRUE),IF(ISNUMBER(P25),P25<=0.0163*AC25*K25,TRUE))),"NO VERIFICA FLEX.",IF(NOT(F25<=Datos_vigas!$B$9*(0.53*SQRT(Datos_vigas!$B$5)*J25*K25+2*PI()*(U25/10)^2/4*Datos_vigas!$B$6*K25/V25)),"NO VERIF. CORTE",IF(NOT(L25>=C25*100/VLOOKUP(Y25,Datos_vigas!$A$19:$E$23,5,0)),"VERIFICAR FLECHA","VERIFICA")))) | Y25: Simplemente apoyada | Z25: Colgante | AA25: 12 | AB25: =IF(Z25="Colgante",MIN(C25*100/4,J25+16*AA25),J25) | AC25: =IF(Z25="Invertida",MIN(C25*100/4,J25+16*AA25),J25) | AD25: 0 | AE25: 2.6 | AF25: 3
A26: TECHO | B26: VI 12 | C26: 9.9 | D26: =(Datos_vigas!$B$10*(VLOOKUP($A$26,Datos_vigas!$A$14:$E$15,2,0)*AD26+Datos_vigas!$B$7*J26*L26/10000+Datos_vigas!$B$16*AE26)+Datos_vigas!$B$11*VLOOKUP($A$26,Datos_vigas!$A$14:$E$15,3,0)*AD26) | F26: =VLOOKUP(Y26,Datos_vigas!$A$19:$E$23,4,0)*D26*C26 | G26: =F26 | H26: =VLOOKUP(Y26,Datos_vigas!$A$19:$E$23,2,0)*D26*C26^2 | I26: =IF(VLOOKUP(Y26,Datos_vigas!$A$19:$E$23,3,0)=0,"---",VLOOKUP(Y26,Datos_vigas!$A$19:$E$23,3,0)*D26*C26^2) | J26: 15 | K26: =L26-AF26 | L26: 70 | M26: =IF(NOT(ISNUMBER(H26)),"---",IF(H26<=0,"---",IF(H26*100/(Datos_vigas!$B$8*AB26*K26^2*Datos_vigas!$B$5)>=0.5,"REVISAR",MAX((1-SQRT(1-2*H26*100/(Datos_vigas!$B$8*AB26*K26^2*Datos_vigas!$B$5)))*AB26*K26*Datos_vigas!$B$5/Datos_vigas!$B$6,0.0033*J26*K26)))) | N26: 2 | O26: 25 | P26: =IF(NOT(ISNUMBER(I26)),"---",IF(I26<=0,"---",IF(I26*100/(Datos_vigas!$B$8*AC26*K26^2*Datos_vigas!$B$5)>=0.5,"REVISAR",MAX((1-SQRT(1-2*I26*100/(Datos_vigas!$B$8*AC26*K26^2*Datos_vigas!$B$5)))*AC26*K26*Datos_vigas!$B$5/Datos_vigas!$B$6,0.0033*J26*K26)))) | Q26: 2 | R26: 25 | S26: =F26/(J26*0.85*K26) | T26: =G26/(J26*0.85*K26) | U26: 6 | V26: 15 | W26: =IF(OR(M26="REVISAR",P26="REVISAR"),"SECCION INSUF.",IF(NOT(AND(M26<>"REVISAR",P26<>"REVISAR",IF(ISNUMBER(M26),N26*PI()*(O26/10)^2/4>=M26,TRUE),IF(ISNUMBER(P26),Q26*PI()*(R26/10)^2/4>=P26,TRUE),IF(ISNUMBER(M26),M26<=0.0163*AB26*K26,TRUE),IF(ISNUMBER(P26),P26<=0.0163*AC26*K26,TRUE))),"NO VERIFICA FLEX.",IF(NOT(F26<=Datos_vigas!$B$9*(0.53*SQRT(Datos_vigas!$B$5)*J26*K26+2*PI()*(U26/10)^2/4*Datos_vigas!$B$6*K26/V26)),"NO VERIF. CORTE",IF(NOT(L26>=C26*100/VLOOKUP(Y26,Datos_vigas!$A$19:$E$23,5,0)),"VERIFICAR FLECHA","VERIFICA")))) | Y26: Continua | Z26: Invertida | AA26: 12 | AB26: =IF(Z26="Colgante",MIN(C26*100/4,J26+16*AA26),J26) | AC26: =IF(Z26="Invertida",MIN(C26*100/4,J26+16*AA26),J26) | AD26: 2.1 | AE26: 1 | AF26: 3
B27: VI 13a | C27: 6 | D27: =(Datos_vigas!$B$10*(VLOOKUP($A$26,Datos_vigas!$A$14:$E$15,2,0)*AD27+Datos_vigas!$B$7*J27*L27/10000+Datos_vigas!$B$16*AE27)+Datos_vigas!$B$11*VLOOKUP($A$26,Datos_vigas!$A$14:$E$15,3,0)*AD27) | F27: =VLOOKUP(Y27,Datos_vigas!$A$19:$E$23,4,0)*D27*C27 | G27: =F27 | H27: =VLOOKUP(Y27,Datos_vigas!$A$19:$E$23,2,0)*D27*C27^2 | I27: =IF(VLOOKUP(Y27,Datos_vigas!$A$19:$E$23,3,0)=0,"---",VLOOKUP(Y27,Datos_vigas!$A$19:$E$23,3,0)*D27*C27^2) | J27: 15 | K27: =L27-AF27 | L27: 70 | M27: =IF(NOT(ISNUMBER(H27)),"---",IF(H27<=0,"---",IF(H27*100/(Datos_vigas!$B$8*AB27*K27^2*Datos_vigas!$B$5)>=0.5,"REVISAR",MAX((1-SQRT(1-2*H27*100/(Datos_vigas!$B$8*AB27*K27^2*Datos_vigas!$B$5)))*AB27*K27*Datos_vigas!$B$5/Datos_vigas!$B$6,0.0033*J27*K27)))) | N27: 2 | O27: 16 | P27: =IF(NOT(ISNUMBER(I27)),"---",IF(I27<=0,"---",IF(I27*100/(Datos_vigas!$B$8*AC27*K27^2*Datos_vigas!$B$5)>=0.5,"REVISAR",MAX((1-SQRT(1-2*I27*100/(Datos_vigas!$B$8*AC27*K27^2*Datos_vigas!$B$5)))*AC27*K27*Datos_vigas!$B$5/Datos_vigas!$B$6,0.0033*J27*K27)))) | Q27: 2 | R27: 20 | S27: =F27/(J27*0.85*K27) | T27: =G27/(J27*0.85*K27) | U27: 6 | V27: 15 | W27: =IF(OR(M27="REVISAR",P27="REVISAR"),"SECCION INSUF.",IF(NOT(AND(M27<>"REVISAR",P27<>"REVISAR",IF(ISNUMBER(M27),N27*PI()*(O27/10)^2/4>=M27,TRUE),IF(ISNUMBER(P27),Q27*PI()*(R27/10)^2/4>=P27,TRUE),IF(ISNUMBER(M27),M27<=0.0163*AB27*K27,TRUE),IF(ISNUMBER(P27),P27<=0.0163*AC27*K27,TRUE))),"NO VERIFICA FLEX.",IF(NOT(F27<=Datos_vigas!$B$9*(0.53*SQRT(Datos_vigas!$B$5)*J27*K27+2*PI()*(U27/10)^2/4*Datos_vigas!$B$6*K27/V27)),"NO VERIF. CORTE",IF(NOT(L27>=C27*100/VLOOKUP(Y27,Datos_vigas!$A$19:$E$23,5,0)),"VERIFICAR FLECHA","VERIFICA")))) | Y27: Continua | Z27: Invertida | AA27: 12 | AB27: =IF(Z27="Colgante",MIN(C27*100/4,J27+16*AA27),J27) | AC27: =IF(Z27="Invertida",MIN(C27*100/4,J27+16*AA27),J27) | AD27: 3.799 | AE27: 1 | AF27: 3
B28: VI 13b | C28: 3.75 | D28: =(Datos_vigas!$B$10*(VLOOKUP($A$26,Datos_vigas!$A$14:$E$15,2,0)*AD28+Datos_vigas!$B$7*J28*L28/10000+Datos_vigas!$B$16*AE28)+Datos_vigas!$B$11*VLOOKUP($A$26,Datos_vigas!$A$14:$E$15,3,0)*AD28) | F28: =VLOOKUP(Y28,Datos_vigas!$A$19:$E$23,4,0)*D28*C28 | G28: =F28 | H28: =VLOOKUP(Y28,Datos_vigas!$A$19:$E$23,2,0)*D28*C28^2 | I28: =IF(VLOOKUP(Y28,Datos_vigas!$A$19:$E$23,3,0)=0,"---",VLOOKUP(Y28,Datos_vigas!$A$19:$E$23,3,0)*D28*C28^2) | J28: 15 | K28: =L28-AF28 | L28: 70 | M28: =IF(NOT(ISNUMBER(H28)),"---",IF(H28<=0,"---",IF(H28*100/(Datos_vigas!$B$8*AB28*K28^2*Datos_vigas!$B$5)>=0.5,"REVISAR",MAX((1-SQRT(1-2*H28*100/(Datos_vigas!$B$8*AB28*K28^2*Datos_vigas!$B$5)))*AB28*K28*Datos_vigas!$B$5/Datos_vigas!$B$6,0.0033*J28*K28)))) | N28: 3 | O28: 12 | P28: =IF(NOT(ISNUMBER(I28)),"---",IF(I28<=0,"---",IF(I28*100/(Datos_vigas!$B$8*AC28*K28^2*Datos_vigas!$B$5)>=0.5,"REVISAR",MAX((1-SQRT(1-2*I28*100/(Datos_vigas!$B$8*AC28*K28^2*Datos_vigas!$B$5)))*AC28*K28*Datos_vigas!$B$5/Datos_vigas!$B$6,0.0033*J28*K28)))) | Q28: 3 | R28: 12 | S28: =F28/(J28*0.85*K28) | T28: =G28/(J28*0.85*K28) | U28: 6 | V28: 30 | W28: =IF(OR(M28="REVISAR",P28="REVISAR"),"SECCION INSUF.",IF(NOT(AND(M28<>"REVISAR",P28<>"REVISAR",IF(ISNUMBER(M28),N28*PI()*(O28/10)^2/4>=M28,TRUE),IF(ISNUMBER(P28),Q28*PI()*(R28/10)^2/4>=P28,TRUE),IF(ISNUMBER(M28),M28<=0.0163*AB28*K28,TRUE),IF(ISNUMBER(P28),P28<=0.0163*AC28*K28,TRUE))),"NO VERIFICA FLEX.",IF(NOT(F28<=Datos_vigas!$B$9*(0.53*SQRT(Datos_vigas!$B$5)*J28*K28+2*PI()*(U28/10)^2/4*Datos_vigas!$B$6*K28/V28)),"NO VERIF. CORTE",IF(NOT(L28>=C28*100/VLOOKUP(Y28,Datos_vigas!$A$19:$E$23,5,0)),"VERIFICAR FLECHA","VERIFICA")))) | Y28: Continua | Z28: Invertida | AA28: 12 | AB28: =IF(Z28="Colgante",MIN(C28*100/4,J28+16*AA28),J28) | AC28: =IF(Z28="Invertida",MIN(C28*100/4,J28+16*AA28),J28) | AD28: 2.1 | AE28: 1 | AF28: 3
B29: VI 14 | C29: 6 | D29: =(Datos_vigas!$B$10*(VLOOKUP($A$26,Datos_vigas!$A$14:$E$15,2,0)*AD29+Datos_vigas!$B$7*J29*L29/10000+Datos_vigas!$B$16*AE29)+Datos_vigas!$B$11*VLOOKUP($A$26,Datos_vigas!$A$14:$E$15,3,0)*AD29) | F29: =VLOOKUP(Y29,Datos_vigas!$A$19:$E$23,4,0)*D29*C29 | G29: =F29 | H29: =VLOOKUP(Y29,Datos_vigas!$A$19:$E$23,2,0)*D29*C29^2 | I29: =IF(VLOOKUP(Y29,Datos_vigas!$A$19:$E$23,3,0)=0,"---",VLOOKUP(Y29,Datos_vigas!$A$19:$E$23,3,0)*D29*C29^2) | J29: 15 | K29: =L29-AF29 | L29: 70 | M29: =IF(NOT(ISNUMBER(H29)),"---",IF(H29<=0,"---",IF(H29*100/(Datos_vigas!$B$8*AB29*K29^2*Datos_vigas!$B$5)>=0.5,"REVISAR",MAX((1-SQRT(1-2*H29*100/(Datos_vigas!$B$8*AB29*K29^2*Datos_vigas!$B$5)))*AB29*K29*Datos_vigas!$B$5/Datos_vigas!$B$6,0.0033*J29*K29)))) | N29: 3 | O29: 12 | P29: =IF(NOT(ISNUMBER(I29)),"---",IF(I29<=0,"---",IF(I29*100/(Datos_vigas!$B$8*AC29*K29^2*Datos_vigas!$B$5)>=0.5,"REVISAR",MAX((1-SQRT(1-2*I29*100/(Datos_vigas!$B$8*AC29*K29^2*Datos_vigas!$B$5)))*AC29*K29*Datos_vigas!$B$5/Datos_vigas!$B$6,0.0033*J29*K29)))) | Q29: 3 | R29: 12 | S29: =F29/(J29*0.85*K29) | T29: =G29/(J29*0.85*K29) | U29: 6 | V29: 30 | W29: =IF(OR(M29="REVISAR",P29="REVISAR"),"SECCION INSUF.",IF(NOT(AND(M29<>"REVISAR",P29<>"REVISAR",IF(ISNUMBER(M29),N29*PI()*(O29/10)^2/4>=M29,TRUE),IF(ISNUMBER(P29),Q29*PI()*(R29/10)^2/4>=P29,TRUE),IF(ISNUMBER(M29),M29<=0.0163*AB29*K29,TRUE),IF(ISNUMBER(P29),P29<=0.0163*AC29*K29,TRUE))),"NO VERIFICA FLEX.",IF(NOT(F29<=Datos_vigas!$B$9*(0.53*SQRT(Datos_vigas!$B$5)*J29*K29+2*PI()*(U29/10)^2/4*Datos_vigas!$B$6*K29/V29)),"NO VERIF. CORTE",IF(NOT(L29>=C29*100/VLOOKUP(Y29,Datos_vigas!$A$19:$E$23,5,0)),"VERIFICAR FLECHA","VERIFICA")))) | Y29: Continua | Z29: Invertida | AA29: 12 | AB29: =IF(Z29="Colgante",MIN(C29*100/4,J29+16*AA29),J29) | AC29: =IF(Z29="Invertida",MIN(C29*100/4,J29+16*AA29),J29) | AD29: 1.699 | AE29: 1 | AF29: 3
B30: VI 15a | C30: 4.03 | D30: =(Datos_vigas!$B$10*(VLOOKUP($A$26,Datos_vigas!$A$14:$E$15,2,0)*AD30+Datos_vigas!$B$7*J30*L30/10000+Datos_vigas!$B$16*AE30)+Datos_vigas!$B$11*VLOOKUP($A$26,Datos_vigas!$A$14:$E$15,3,0)*AD30) | F30: =VLOOKUP(Y30,Datos_vigas!$A$19:$E$23,4,0)*D30*C30 | G30: =F30 | H30: =VLOOKUP(Y30,Datos_vigas!$A$19:$E$23,2,0)*D30*C30^2 | I30: =IF(VLOOKUP(Y30,Datos_vigas!$A$19:$E$23,3,0)=0,"---",VLOOKUP(Y30,Datos_vigas!$A$19:$E$23,3,0)*D30*C30^2) | J30: 15 | K30: =L30-AF30 | L30: 70 | M30: =IF(NOT(ISNUMBER(H30)),"---",IF(H30<=0,"---",IF(H30*100/(Datos_vigas!$B$8*AB30*K30^2*Datos_vigas!$B$5)>=0.5,"REVISAR",MAX((1-SQRT(1-2*H30*100/(Datos_vigas!$B$8*AB30*K30^2*Datos_vigas!$B$5)))*AB30*K30*Datos_vigas!$B$5/Datos_vigas!$B$6,0.0033*J30*K30)))) | N30: 3 | O30: 12 | P30: =IF(NOT(ISNUMBER(I30)),"---",IF(I30<=0,"---",IF(I30*100/(Datos_vigas!$B$8*AC30*K30^2*Datos_vigas!$B$5)>=0.5,"REVISAR",MAX((1-SQRT(1-2*I30*100/(Datos_vigas!$B$8*AC30*K30^2*Datos_vigas!$B$5)))*AC30*K30*Datos_vigas!$B$5/Datos_vigas!$B$6,0.0033*J30*K30)))) | Q30: 3 | R30: 12 | S30: =F30/(J30*0.85*K30) | T30: =G30/(J30*0.85*K30) | U30: 6 | V30: 30 | W30: =IF(OR(M30="REVISAR",P30="REVISAR"),"SECCION INSUF.",IF(NOT(AND(M30<>"REVISAR",P30<>"REVISAR",IF(ISNUMBER(M30),N30*PI()*(O30/10)^2/4>=M30,TRUE),IF(ISNUMBER(P30),Q30*PI()*(R30/10)^2/4>=P30,TRUE),IF(ISNUMBER(M30),M30<=0.0163*AB30*K30,TRUE),IF(ISNUMBER(P30),P30<=0.0163*AC30*K30,TRUE))),"NO VERIFICA FLEX.",IF(NOT(F30<=Datos_vigas!$B$9*(0.53*SQRT(Datos_vigas!$B$5)*J30*K30+2*PI()*(U30/10)^2/4*Datos_vigas!$B$6*K30/V30)),"NO VERIF. CORTE",IF(NOT(L30>=C30*100/VLOOKUP(Y30,Datos_vigas!$A$19:$E$23,5,0)),"VERIFICAR FLECHA","VERIFICA")))) | X30: Viga de borde: recibe la reaccion de la losa excentrica y queda sometida a TORSION, no verificada en esta planilla. | Y30: Continua | Z30: Invertida | AA30: 12 | AB30: =IF(Z30="Colgante",MIN(C30*100/4,J30+16*AA30),J30) | AC30: =IF(Z30="Invertida",MIN(C30*100/4,J30+16*AA30),J30) | AD30: 0 | AE30: 1 | AF30: 3
B31: VI 15b | C31: 4.85 | D31: =(Datos_vigas!$B$10*(VLOOKUP($A$26,Datos_vigas!$A$14:$E$15,2,0)*AD31+Datos_vigas!$B$7*J31*L31/10000+Datos_vigas!$B$16*AE31)+Datos_vigas!$B$11*VLOOKUP($A$26,Datos_vigas!$A$14:$E$15,3,0)*AD31) | F31: =VLOOKUP(Y31,Datos_vigas!$A$19:$E$23,4,0)*D31*C31 | G31: =F31 | H31: =VLOOKUP(Y31,Datos_vigas!$A$19:$E$23,2,0)*D31*C31^2 | I31: =IF(VLOOKUP(Y31,Datos_vigas!$A$19:$E$23,3,0)=0,"---",VLOOKUP(Y31,Datos_vigas!$A$19:$E$23,3,0)*D31*C31^2) | J31: 15 | K31: =L31-AF31 | L31: 70 | M31: =IF(NOT(ISNUMBER(H31)),"---",IF(H31<=0,"---",IF(H31*100/(Datos_vigas!$B$8*AB31*K31^2*Datos_vigas!$B$5)>=0.5,"REVISAR",MAX((1-SQRT(1-2*H31*100/(Datos_vigas!$B$8*AB31*K31^2*Datos_vigas!$B$5)))*AB31*K31*Datos_vigas!$B$5/Datos_vigas!$B$6,0.0033*J31*K31)))) | N31: 3 | O31: 12 | P31: =IF(NOT(ISNUMBER(I31)),"---",IF(I31<=0,"---",IF(I31*100/(Datos_vigas!$B$8*AC31*K31^2*Datos_vigas!$B$5)>=0.5,"REVISAR",MAX((1-SQRT(1-2*I31*100/(Datos_vigas!$B$8*AC31*K31^2*Datos_vigas!$B$5)))*AC31*K31*Datos_vigas!$B$5/Datos_vigas!$B$6,0.0033*J31*K31)))) | Q31: 3 | R31: 12 | S31: =F31/(J31*0.85*K31) | T31: =G31/(J31*0.85*K31) | U31: 6 | V31: 30 | W31: =IF(OR(M31="REVISAR",P31="REVISAR"),"SECCION INSUF.",IF(NOT(AND(M31<>"REVISAR",P31<>"REVISAR",IF(ISNUMBER(M31),N31*PI()*(O31/10)^2/4>=M31,TRUE),IF(ISNUMBER(P31),Q31*PI()*(R31/10)^2/4>=P31,TRUE),IF(ISNUMBER(M31),M31<=0.0163*AB31*K31,TRUE),IF(ISNUMBER(P31),P31<=0.0163*AC31*K31,TRUE))),"NO VERIFICA FLEX.",IF(NOT(F31<=Datos_vigas!$B$9*(0.53*SQRT(Datos_vigas!$B$5)*J31*K31+2*PI()*(U31/10)^2/4*Datos_vigas!$B$6*K31/V31)),"NO VERIF. CORTE",IF(NOT(L31>=C31*100/VLOOKUP(Y31,Datos_vigas!$A$19:$E$23,5,0)),"VERIFICAR FLECHA","VERIFICA")))) | X31: Viga de borde: recibe la reaccion de la losa excentrica y queda sometida a TORSION, no verificada en esta planilla. | Y31: Continua | Z31: Invertida | AA31: 12 | AB31: =IF(Z31="Colgante",MIN(C31*100/4,J31+16*AA31),J31) | AC31: =IF(Z31="Invertida",MIN(C31*100/4,J31+16*AA31),J31) | AD31: 1.699 | AE31: 1 | AF31: 3
B32: VI 16a | C32: 3.58 | D32: =(Datos_vigas!$B$10*(VLOOKUP($A$26,Datos_vigas!$A$14:$E$15,2,0)*AD32+Datos_vigas!$B$7*J32*L32/10000+Datos_vigas!$B$16*AE32)+Datos_vigas!$B$11*VLOOKUP($A$26,Datos_vigas!$A$14:$E$15,3,0)*AD32) | F32: =VLOOKUP(Y32,Datos_vigas!$A$19:$E$23,4,0)*D32*C32 | G32: =F32 | H32: =VLOOKUP(Y32,Datos_vigas!$A$19:$E$23,2,0)*D32*C32^2 | I32: =IF(VLOOKUP(Y32,Datos_vigas!$A$19:$E$23,3,0)=0,"---",VLOOKUP(Y32,Datos_vigas!$A$19:$E$23,3,0)*D32*C32^2) | J32: 15 | K32: =L32-AF32 | L32: 70 | M32: =IF(NOT(ISNUMBER(H32)),"---",IF(H32<=0,"---",IF(H32*100/(Datos_vigas!$B$8*AB32*K32^2*Datos_vigas!$B$5)>=0.5,"REVISAR",MAX((1-SQRT(1-2*H32*100/(Datos_vigas!$B$8*AB32*K32^2*Datos_vigas!$B$5)))*AB32*K32*Datos_vigas!$B$5/Datos_vigas!$B$6,0.0033*J32*K32)))) | N32: 3 | O32: 12 | P32: =IF(NOT(ISNUMBER(I32)),"---",IF(I32<=0,"---",IF(I32*100/(Datos_vigas!$B$8*AC32*K32^2*Datos_vigas!$B$5)>=0.5,"REVISAR",MAX((1-SQRT(1-2*I32*100/(Datos_vigas!$B$8*AC32*K32^2*Datos_vigas!$B$5)))*AC32*K32*Datos_vigas!$B$5/Datos_vigas!$B$6,0.0033*J32*K32)))) | Q32: 3 | R32: 12 | S32: =F32/(J32*0.85*K32) | T32: =G32/(J32*0.85*K32) | U32: 6 | V32: 30 | W32: =IF(OR(M32="REVISAR",P32="REVISAR"),"SECCION INSUF.",IF(NOT(AND(M32<>"REVISAR",P32<>"REVISAR",IF(ISNUMBER(M32),N32*PI()*(O32/10)^2/4>=M32,TRUE),IF(ISNUMBER(P32),Q32*PI()*(R32/10)^2/4>=P32,TRUE),IF(ISNUMBER(M32),M32<=0.0163*AB32*K32,TRUE),IF(ISNUMBER(P32),P32<=0.0163*AC32*K32,TRUE))),"NO VERIFICA FLEX.",IF(NOT(F32<=Datos_vigas!$B$9*(0.53*SQRT(Datos_vigas!$B$5)*J32*K32+2*PI()*(U32/10)^2/4*Datos_vigas!$B$6*K32/V32)),"NO VERIF. CORTE",IF(NOT(L32>=C32*100/VLOOKUP(Y32,Datos_vigas!$A$19:$E$23,5,0)),"VERIFICAR FLECHA","VERIFICA")))) | Y32: Continua | Z32: Invertida | AA32: 12 | AB32: =IF(Z32="Colgante",MIN(C32*100/4,J32+16*AA32),J32) | AC32: =IF(Z32="Invertida",MIN(C32*100/4,J32+16*AA32),J32) | AD32: 1.699 | AE32: 1 | AF32: 3
B33: VI 16b | C33: 1.12 | D33: =(Datos_vigas!$B$10*(VLOOKUP($A$26,Datos_vigas!$A$14:$E$15,2,0)*AD33+Datos_vigas!$B$7*J33*L33/10000+Datos_vigas!$B$16*AE33)+Datos_vigas!$B$11*VLOOKUP($A$26,Datos_vigas!$A$14:$E$15,3,0)*AD33) | F33: =VLOOKUP(Y33,Datos_vigas!$A$19:$E$23,4,0)*D33*C33 | G33: =F33 | H33: =VLOOKUP(Y33,Datos_vigas!$A$19:$E$23,2,0)*D33*C33^2 | I33: =IF(VLOOKUP(Y33,Datos_vigas!$A$19:$E$23,3,0)=0,"---",VLOOKUP(Y33,Datos_vigas!$A$19:$E$23,3,0)*D33*C33^2) | J33: 15 | K33: =L33-AF33 | L33: 70 | M33: =IF(NOT(ISNUMBER(H33)),"---",IF(H33<=0,"---",IF(H33*100/(Datos_vigas!$B$8*AB33*K33^2*Datos_vigas!$B$5)>=0.5,"REVISAR",MAX((1-SQRT(1-2*H33*100/(Datos_vigas!$B$8*AB33*K33^2*Datos_vigas!$B$5)))*AB33*K33*Datos_vigas!$B$5/Datos_vigas!$B$6,0.0033*J33*K33)))) | N33: 3 | O33: 12 | P33: =IF(NOT(ISNUMBER(I33)),"---",IF(I33<=0,"---",IF(I33*100/(Datos_vigas!$B$8*AC33*K33^2*Datos_vigas!$B$5)>=0.5,"REVISAR",MAX((1-SQRT(1-2*I33*100/(Datos_vigas!$B$8*AC33*K33^2*Datos_vigas!$B$5)))*AC33*K33*Datos_vigas!$B$5/Datos_vigas!$B$6,0.0033*J33*K33)))) | Q33: 3 | R33: 12 | S33: =F33/(J33*0.85*K33) | T33: =G33/(J33*0.85*K33) | U33: 6 | V33: 30 | W33: =IF(OR(M33="REVISAR",P33="REVISAR"),"SECCION INSUF.",IF(NOT(AND(M33<>"REVISAR",P33<>"REVISAR",IF(ISNUMBER(M33),N33*PI()*(O33/10)^2/4>=M33,TRUE),IF(ISNUMBER(P33),Q33*PI()*(R33/10)^2/4>=P33,TRUE),IF(ISNUMBER(M33),M33<=0.0163*AB33*K33,TRUE),IF(ISNUMBER(P33),P33<=0.0163*AC33*K33,TRUE))),"NO VERIFICA FLEX.",IF(NOT(F33<=Datos_vigas!$B$9*(0.53*SQRT(Datos_vigas!$B$5)*J33*K33+2*PI()*(U33/10)^2/4*Datos_vigas!$B$6*K33/V33)),"NO VERIF. CORTE",IF(NOT(L33>=C33*100/VLOOKUP(Y33,Datos_vigas!$A$19:$E$23,5,0)),"VERIFICAR FLECHA","VERIFICA")))) | Y33: Continua | Z33: Invertida | AA33: 12 | AB33: =IF(Z33="Colgante",MIN(C33*100/4,J33+16*AA33),J33) | AC33: =IF(Z33="Invertida",MIN(C33*100/4,J33+16*AA33),J33) | AD33: 1.699 | AE33: 1 | AF33: 3
B34: VI 17 | C34: 4.35 | D34: =(Datos_vigas!$B$10*(VLOOKUP($A$26,Datos_vigas!$A$14:$E$15,2,0)*AD34+Datos_vigas!$B$7*J34*L34/10000+Datos_vigas!$B$16*AE34)+Datos_vigas!$B$11*VLOOKUP($A$26,Datos_vigas!$A$14:$E$15,3,0)*AD34) | F34: =VLOOKUP(Y34,Datos_vigas!$A$19:$E$23,4,0)*D34*C34 | G34: =F34 | H34: =VLOOKUP(Y34,Datos_vigas!$A$19:$E$23,2,0)*D34*C34^2 | I34: =IF(VLOOKUP(Y34,Datos_vigas!$A$19:$E$23,3,0)=0,"---",VLOOKUP(Y34,Datos_vigas!$A$19:$E$23,3,0)*D34*C34^2) | J34: 15 | K34: =L34-AF34 | L34: 70 | M34: =IF(NOT(ISNUMBER(H34)),"---",IF(H34<=0,"---",IF(H34*100/(Datos_vigas!$B$8*AB34*K34^2*Datos_vigas!$B$5)>=0.5,"REVISAR",MAX((1-SQRT(1-2*H34*100/(Datos_vigas!$B$8*AB34*K34^2*Datos_vigas!$B$5)))*AB34*K34*Datos_vigas!$B$5/Datos_vigas!$B$6,0.0033*J34*K34)))) | N34: 3 | O34: 12 | P34: =IF(NOT(ISNUMBER(I34)),"---",IF(I34<=0,"---",IF(I34*100/(Datos_vigas!$B$8*AC34*K34^2*Datos_vigas!$B$5)>=0.5,"REVISAR",MAX((1-SQRT(1-2*I34*100/(Datos_vigas!$B$8*AC34*K34^2*Datos_vigas!$B$5)))*AC34*K34*Datos_vigas!$B$5/Datos_vigas!$B$6,0.0033*J34*K34)))) | Q34: --- | R34: --- | S34: =F34/(J34*0.85*K34) | T34: =G34/(J34*0.85*K34) | U34: 6 | V34: 30 | W34: =IF(OR(M34="REVISAR",P34="REVISAR"),"SECCION INSUF.",IF(NOT(AND(M34<>"REVISAR",P34<>"REVISAR",IF(ISNUMBER(M34),N34*PI()*(O34/10)^2/4>=M34,TRUE),IF(ISNUMBER(P34),Q34*PI()*(R34/10)^2/4>=P34,TRUE),IF(ISNUMBER(M34),M34<=0.0163*AB34*K34,TRUE),IF(ISNUMBER(P34),P34<=0.0163*AC34*K34,TRUE))),"NO VERIFICA FLEX.",IF(NOT(F34<=Datos_vigas!$B$9*(0.53*SQRT(Datos_vigas!$B$5)*J34*K34+2*PI()*(U34/10)^2/4*Datos_vigas!$B$6*K34/V34)),"NO VERIF. CORTE",IF(NOT(L34>=C34*100/VLOOKUP(Y34,Datos_vigas!$A$19:$E$23,5,0)),"VERIFICAR FLECHA","VERIFICA")))) | Y34: Simplemente apoyada | Z34: Invertida | AA34: 12 | AB34: =IF(Z34="Colgante",MIN(C34*100/4,J34+16*AA34),J34) | AC34: =IF(Z34="Invertida",MIN(C34*100/4,J34+16*AA34),J34) | AD34: 0 | AE34: 1 | AF34: 3

Sheet Planilla losas
A1: LOSAS DE H°A° H-21 ACERO 42/50
A2: NIVEL | B2: POSICION | C2: LUZ (m) | D2: GRADO DE EMPOTRAMIENTO | E2: CARGAS (kg/m) | G2: DIMENSIONES | I2: MOMENTO TRAMO (kgm) | J2: ARMADURA PRINCIPAL | M2: ARMADURA REPARTICION | P2: REACCIONES (kg) | R2: OBSERVACIONES | S2: DATOS AUXILIARES
E3: p | F3: diagrama | G3: h | H3: d | J3: cm2 | K3: o | L3: separ | M3: cm2 | N3: o | O3: separ | P3: Rx | Q3: Ry | S3: luz transv. | T3: k carga
A4: S/PB | B4: L01 | C4: 3.65 | D4: 1/8 | E4: =(Datos_losas!$B$9*H4/100+VLOOKUP($A$4,Datos_losas!$A$16:$C$17,2,0)+VLOOKUP($A$4,Datos_losas!$A$16:$C$17,3,0))*T4 | G4: =H4-Datos_losas!$B$10 | H4: 11 | I4: =IF(C4="","",VLOOKUP(D4,Datos_losas!$A$21:$D$25,2,0)*E4*C4^2) | J4: =IF(I4="","",MAX(I4*100/(Datos_losas!$B$7*Datos_losas!$B$8*G4),Datos_losas!$B$13)) | K4: 12 | L4: =IF(J4="","",MIN(Datos_losas!$B$11,ROUND(100*PI()*(K4/10)^2/4/J4,0))) | M4: =IF(J4="","",MAX(Datos_losas!$B$12*J4,Datos_losas!$B$13)) | N4: 6 | O4: =IF(M4="","",MIN(Datos_losas!$B$11,ROUND(100*PI()*(N4/10)^2/4/M4,0))) | P4: =IF(C4="","",VLOOKUP(D4,Datos_losas!$A$21:$D$25,3,0)*E4*C4) | Q4: =IF(C4="","",IF(VLOOKUP(D4,Datos_losas!$A$21:$D$25,4,0)="Voladizo","---",P4)) | T4: =IF(S4="",1,S4^4/(C4^4+S4^4))
B5: L02 | C5: 0.8 | D5: 1/2 | E5: =(Datos_losas!$B$9*H5/100+VLOOKUP($A$4,Datos_losas!$A$16:$C$17,2,0)+VLOOKUP($A$4,Datos_losas!$A$16:$C$17,3,0))*T5 | G5: =H5-Datos_losas!$B$10 | H5: 9 | I5: =IF(C5="","",VLOOKUP(D5,Datos_losas!$A$21:$D$25,2,0)*E5*C5^2) | J5: =IF(I5="","",MAX(I5*100/(Datos_losas!$B$7*Datos_losas!$B$8*G5),Datos_losas!$B$13)) | K5: 12 | L5: =IF(J5="","",MIN(Datos_losas!$B$11,ROUND(100*PI()*(K5/10)^2/4/J5,0))) | M5: =IF(J5="","",MAX(Datos_losas!$B$12*J5,Datos_losas!$B$13)) | N5: 6 | O5: =IF(M5="","",MIN(Datos_losas!$B$11,ROUND(100*PI()*(N5/10)^2/4/M5,0))) | P5: =IF(C5="","",VLOOKUP(D5,Datos_losas!$A$21:$D$25,3,0)*E5*C5) | Q5: =IF(C5="","",IF(VLOOKUP(D5,Datos_losas!$A$21:$D$25,4,0)="Voladizo","---",P5)) | R5: Voladizo: un solo apoyo. | T5: =IF(S5="",1,S5^4/(C5^4+S5^4))
B6: L03 | C6: 4.15 | D6: 1/8 | E6: =(Datos_losas!$B$9*H6/100+VLOOKUP($A$4,Datos_losas!$A$16:$C$17,2,0)+VLOOKUP($A$4,Datos_losas!$A$16:$C$17,3,0))*T6 | G6: =H6-Datos_losas!$B$10 | H6: 13 | I6: =IF(C6="","",VLOOKUP(D6,Datos_losas!$A$21:$D$25,2,0)*E6*C6^2) | J6: =IF(I6="","",MAX(I6*100/(Datos_losas!$B$7*Datos_losas!$B$8*G6),Datos_losas!$B$13)) | K6: 12 | L6: =IF(J6="","",MIN(Datos_losas!$B$11,ROUND(100*PI()*(K6/10)^2/4/J6,0))) | M6: =IF(J6="","",MAX(Datos_losas!$B$12*J6,Datos_losas!$B$13)) | N6: 6 | O6: =IF(M6="","",MIN(Datos_losas!$B$11,ROUND(100*PI()*(N6/10)^2/4/M6,0))) | P6: =IF(C6="","",VLOOKUP(D6,Datos_losas!$A$21:$D$25,3,0)*E6*C6) | Q6: =IF(C6="","",IF(VLOOKUP(D6,Datos_losas!$A$21:$D$25,4,0)="Voladizo","---",P6)) | T6: =IF(S6="",1,S6^4/(C6^4+S6^4))
B7: L04 | C7: 3.73 | D7: 1/8 | E7: =(Datos_losas!$B$9*H7/100+VLOOKUP($A$4,Datos_losas!$A$16:$C$17,2,0)+VLOOKUP($A$4,Datos_losas!$A$16:$C$17,3,0))*T7 | G7: =H7-Datos_losas!$B$10 | H7: 11 | I7: =IF(C7="","",VLOOKUP(D7,Datos_losas!$A$21:$D$25,2,0)*E7*C7^2) | J7: =IF(I7="","",MAX(I7*100/(Datos_losas!$B$7*Datos_losas!$B$8*G7),Datos_losas!$B$13)) | K7: 12 | L7: =IF(J7="","",MIN(Datos_losas!$B$11,ROUND(100*PI()*(K7/10)^2/4/J7,0))) | M7: =IF(J7="","",MAX(Datos_losas!$B$12*J7,Datos_losas!$B$13)) | N7: 6 | O7: =IF(M7="","",MIN(Datos_losas!$B$11,ROUND(100*PI()*(N7/10)^2/4/M7,0))) | P7: =IF(C7="","",VLOOKUP(D7,Datos_losas!$A$21:$D$25,3,0)*E7*C7) | Q7: =IF(C7="","",IF(VLOOKUP(D7,Datos_losas!$A$21:$D$25,4,0)="Voladizo","---",P7)) | T7: =IF(S7="",1,S7^4/(C7^4+S7^4))
B8: L05 | C8: 3.73 | D8: 1/8 | E8: =(Datos_losas!$B$9*H8/100+VLOOKUP($A$4,Datos_losas!$A$16:$C$17,2,0)+VLOOKUP($A$4,Datos_losas!$A$16:$C$17,3,0))*T8 | G8: =H8-Datos_losas!$B$10 | H8: 11 | I8: =IF(C8="","",VLOOKUP(D8,Datos_losas!$A$21:$D$25,2,0)*E8*C8^2) | J8: =IF(I8="","",MAX(I8*100/(Datos_losas!$B$7*Datos_losas!$B$8*G8),Datos_losas!$B$13)) | K8: 12 | L8: =IF(J8="","",MIN(Datos_losas!$B$11,ROUND(100*PI()*(K8/10)^2/4/J8,0))) | M8: =IF(J8="","",MAX(Datos_losas!$B$12*J8,Datos_losas!$B$13)) | N8: 6 | O8: =IF(M8="","",MIN(Datos_losas!$B$11,ROUND(100*PI()*(N8/10)^2/4/M8,0))) | P8: =IF(C8="","",VLOOKUP(D8,Datos_losas!$A$21:$D$25,3,0)*E8*C8) | Q8: =IF(C8="","",IF(VLOOKUP(D8,Datos_losas!$A$21:$D$25,4,0)="Voladizo","---",P8)) | T8: =IF(S8="",1,S8^4/(C8^4+S8^4))
B9: L06 | C9: 2.15 | D9: 1/8 | E9: =(Datos_losas!$B$9*H9/100+VLOOKUP($A$4,Datos_losas!$A$16:$C$17,2,0)+VLOOKUP($A$4,Datos_losas!$A$16:$C$17,3,0))*T9 | G9: =H9-Datos_losas!$B$10 | H9: 8 | I9: =IF(C9="","",VLOOKUP(D9,Datos_losas!$A$21:$D$25,2,0)*E9*C9^2) | J9: =IF(I9="","",MAX(I9*100/(Datos_losas!$B$7*Datos_losas!$B$8*G9),Datos_losas!$B$13)) | K9: 12 | L9: =IF(J9="","",MIN(Datos_losas!$B$11,ROUND(100*PI()*(K9/10)^2/4/J9,0))) | M9: =IF(J9="","",MAX(Datos_losas!$B$12*J9,Datos_losas!$B$13)) | N9: 6 | O9: =IF(M9="","",MIN(Datos_losas!$B$11,ROUND(100*PI()*(N9/10)^2/4/M9,0))) | P9: =IF(C9="","",VLOOKUP(D9,Datos_losas!$A$21:$D$25,3,0)*E9*C9) | Q9: =IF(C9="","",IF(VLOOKUP(D9,Datos_losas!$A$21:$D$25,4,0)="Voladizo","---",P9)) | T9: =IF(S9="",1,S9^4/(C9^4+S9^4))
B10: L07 (x) | C10: 4.85 | D10: 1/8 | E10: =(Datos_losas!$B$9*H10/100+VLOOKUP($A$4,Datos_losas!$A$16:$C$17,2,0)+VLOOKUP($A$4,Datos_losas!$A$16:$C$17,3,0))*T10 | G10: =H10-Datos_losas!$B$10 | H10: 12 | I10: =IF(C10="","",VLOOKUP(D10,Datos_losas!$A$21:$D$25,2,0)*E10*C10^2) | J10: =IF(I10="","",MAX(I10*100/(Datos_losas!$B$7*Datos_losas!$B$8*G10),Datos_losas!$B$13)) | K10: 12 | L10: =IF(J10="","",MIN(Datos_losas!$B$11,ROUND(100*PI()*(K10/10)^2/4/J10,0))) | M10: =IF(J10="","",MAX(Datos_losas!$B$12*J10,Datos_losas!$B$13)) | N10: 6 | O10: =IF(M10="","",MIN(Datos_losas!$B$11,ROUND(100*PI()*(N10/10)^2/4/M10,0))) | P10: =IF(C10="","",VLOOKUP(D10,Datos_losas!$A$21:$D$25,3,0)*E10*C10) | Q10: =IF(C10="","",IF(VLOOKUP(D10,Datos_losas!$A$21:$D$25,4,0)="Voladizo","---",P10)) | R10: Losa cruzada 4,85 x 5,60 (ly/lx = 1,15). Direccion corta: toma el 64% de la carga por reparto de Marcus. | S10: 5.6 | T10: =IF(S10="",1,S10^4/(C10^4+S10^4))
B11: L07 (y) | C11: 5.6 | D11: 1/8 | E11: =(Datos_losas!$B$9*H11/100+VLOOKUP($A$4,Datos_losas!$A$16:$C$17,2,0)+VLOOKUP($A$4,Datos_losas!$A$16:$C$17,3,0))*T11 | G11: =H11-Datos_losas!$B$10 | H11: 12 | I11: =IF(C11="","",VLOOKUP(D11,Datos_losas!$A$21:$D$25,2,0)*E11*C11^2) | J11: =IF(I11="","",MAX(I11*100/(Datos_losas!$B$7*Datos_losas!$B$8*G11),Datos_losas!$B$13)) | K11: 12 | L11: =IF(J11="","",MIN(Datos_losas!$B$11,ROUND(100*PI()*(K11/10)^2/4/J11,0))) | M11: =IF(J11="","",MAX(Datos_losas!$B$12*J11,Datos_losas!$B$13)) | N11: 6 | O11: =IF(M11="","",MIN(Datos_losas!$B$11,ROUND(100*PI()*(N11/10)^2/4/M11,0))) | P11: =IF(C11="","",VLOOKUP(D11,Datos_losas!$A$21:$D$25,3,0)*E11*C11) | Q11: =IF(C11="","",IF(VLOOKUP(D11,Datos_losas!$A$21:$D$25,4,0)="Voladizo","---",P11)) | R11: Misma losa, direccion larga: toma el 36% restante. La armadura va cruzada con la fila anterior. | S11: 4.85 | T11: =IF(S11="",1,S11^4/(C11^4+S11^4))
B12: L08 | C12: 0.75 | D12: 1/2 | E12: =(Datos_losas!$B$9*H12/100+VLOOKUP($A$4,Datos_losas!$A$16:$C$17,2,0)+VLOOKUP($A$4,Datos_losas!$A$16:$C$17,3,0))*T12 | G12: =H12-Datos_losas!$B$10 | H12: 10 | I12: =IF(C12="","",VLOOKUP(D12,Datos_losas!$A$21:$D$25,2,0)*E12*C12^2) | J12: =IF(I12="","",MAX(I12*100/(Datos_losas!$B$7*Datos_losas!$B$8*G12),Datos_losas!$B$13)) | K12: 12 | L12: =IF(J12="","",MIN(Datos_losas!$B$11,ROUND(100*PI()*(K12/10)^2/4/J12,0))) | M12: =IF(J12="","",MAX(Datos_losas!$B$12*J12,Datos_losas!$B$13)) | N12: 6 | O12: =IF(M12="","",MIN(Datos_losas!$B$11,ROUND(100*PI()*(N12/10)^2/4/M12,0))) | P12: =IF(C12="","",VLOOKUP(D12,Datos_losas!$A$21:$D$25,3,0)*E12*C12) | Q12: =IF(C12="","",IF(VLOOKUP(D12,Datos_losas!$A$21:$D$25,4,0)="Voladizo","---",P12)) | R12: Voladizo: un solo apoyo. | T12: =IF(S12="",1,S12^4/(C12^4+S12^4))
A13: S/PA | B13: L09 | C13: 4.2 | D13: 1/8 | E13: =(Datos_losas!$B$9*H13/100+VLOOKUP($A$13,Datos_losas!$A$16:$C$17,2,0)+VLOOKUP($A$13,Datos_losas!$A$16:$C$17,3,0))*T13 | G13: =H13-Datos_losas!$B$10 | H13: 13 | I13: =IF(C13="","",VLOOKUP(D13,Datos_losas!$A$21:$D$25,2,0)*E13*C13^2) | J13: =IF(I13="","",MAX(I13*100/(Datos_losas!$B$7*Datos_losas!$B$8*G13),Datos_losas!$B$13)) | K13: 12 | L13: =IF(J13="","",MIN(Datos_losas!$B$11,ROUND(100*PI()*(K13/10)^2/4/J13,0))) | M13: =IF(J13="","",MAX(Datos_losas!$B$12*J13,Datos_losas!$B$13)) | N13: 6 | O13: =IF(M13="","",MIN(Datos_losas!$B$11,ROUND(100*PI()*(N13/10)^2/4/M13,0))) | P13: =IF(C13="","",VLOOKUP(D13,Datos_losas!$A$21:$D$25,3,0)*E13*C13) | Q13: =IF(C13="","",IF(VLOOKUP(D13,Datos_losas!$A$21:$D$25,4,0)="Voladizo","---",P13)) | T13: =IF(S13="",1,S13^4/(C13^4+S13^4))
B14: L10 (x) | C14: 4.85 | D14: 1/8 | E14: =(Datos_losas!$B$9*H14/100+VLOOKUP($A$13,Datos_losas!$A$16:$C$17,2,0)+VLOOKUP($A$13,Datos_losas!$A$16:$C$17,3,0))*T14 | G14: =H14-Datos_losas!$B$10 | H14: 12 | I14: =IF(C14="","",VLOOKUP(D14,Datos_losas!$A$21:$D$25,2,0)*E14*C14^2) | J14: =IF(I14="","",MAX(I14*100/(Datos_losas!$B$7*Datos_losas!$B$8*G14),Datos_losas!$B$13)) | K14: 12 | L14: =IF(J14="","",MIN(Datos_losas!$B$11,ROUND(100*PI()*(K14/10)^2/4/J14,0))) | M14: =IF(J14="","",MAX(Datos_losas!$B$12*J14,Datos_losas!$B$13)) | N14: 6 | O14: =IF(M14="","",MIN(Datos_losas!$B$11,ROUND(100*PI()*(N14/10)^2/4/M14,0))) | P14: =IF(C14="","",VLOOKUP(D14,Datos_losas!$A$21:$D$25,3,0)*E14*C14) | Q14: =IF(C14="","",IF(VLOOKUP(D14,Datos_losas!$A$21:$D$25,4,0)="Voladizo","---",P14)) | R14: Losa cruzada 4,85 x 6,00 (ly/lx = 1,24). Direccion corta: toma el 70% de la carga por reparto de Marcus. | S14: 6 | T14: =IF(S14="",1,S14^4/(C14^4+S14^4))
B15: L10 (y) | C15: 6 | D15: 1/8 | E15: =(Datos_losas!$B$9*H15/100+VLOOKUP($A$13,Datos_losas!$A$16:$C$17,2,0)+VLOOKUP($A$13,Datos_losas!$A$16:$C$17,3,0))*T15 | G15: =H15-Datos_losas!$B$10 | H15: 12 | I15: =IF(C15="","",VLOOKUP(D15,Datos_losas!$A$21:$D$25,2,0)*E15*C15^2) | J15: =IF(I15="","",MAX(I15*100/(Datos_losas!$B$7*Datos_losas!$B$8*G15),Datos_losas!$B$13)) | K15: 12 | L15: =IF(J15="","",MIN(Datos_losas!$B$11,ROUND(100*PI()*(K15/10)^2/4/J15,0))) | M15: =IF(J15="","",MAX(Datos_losas!$B$12*J15,Datos_losas!$B$13)) | N15: 6 | O15: =IF(M15="","",MIN(Datos_losas!$B$11,ROUND(100*PI()*(N15/10)^2/4/M15,0))) | P15: =IF(C15="","",VLOOKUP(D15,Datos_losas!$A$21:$D$25,3,0)*E15*C15) | Q15: =IF(C15="","",IF(VLOOKUP(D15,Datos_losas!$A$21:$D$25,4,0)="Voladizo","---",P15)) | R15: Misma losa, direccion larga: toma el 30% restante. La armadura va cruzada con la fila anterior. | S15: 4.85 | T15: =IF(S15="",1,S15^4/(C15^4+S15^4))

Sheet Planilla columnas
A1: COLUMNAS H°A° H-21 ACERO 42/50
A2: NIVEL | B2: POSICION | C2: ALTURA (m) | D2: CARGA (t) | E2: DIMENSIONES (cm) | H2: ARMADURA | K2: ESTRIBOS | M2: VERIFICACION | N2: OBSERVACIONES | O2: DATOS AUXILIARES
E3: A | F3: B | G3: area | H3: cm2 | I3: n | J3: o | K3: o | L3: SEPAR | O3: As prov | P3: fi Pn (t) | Q3: esbeltez | R3: carga estim.
A4: PA | B4: C6 | C4: 3.22 | D4: 12.71 | E4: 20 | F4: 20 | G4: =E4*F4 | H4: =Datos_columnas!$B$8*G4 | I4: 4 | J4: 12 | K4: 6 | L4: =FLOOR(MIN(12*J4/10,48*K4/10,MIN(E4,F4)),5) | M4: =IF(D4="","FALTA CARGA",IF(O4<H4,"ARM. INSUFIC.",IF(D4>P4,"NO VERIFICA",IF(D4>0.85*P4,"AL LIMITE",IF(Q4>34,"VERIF. ESBELTEZ","VERIFICA"))))) | N4: COL 07 del plano. Carga PROVISORIA por bajada automatica; es un piso, la real es mayor (ver Memoria, punto 5). | O4: =I4*PI()*(J4/10)^2/4 | P4: =Datos_columnas!$B$7*0.8*(0.85*Datos_columnas!$B$4*(G4-O4)+Datos_columnas!$B$5*O4)/1000 | Q4: =100*C4/(0.3*MIN(E4,F4)) | R4: 12.71
B5: C7 | C5: 3.22 | D5: 22.55 | E5: 30 | F5: 15 | G5: =E5*F5 | H5: =Datos_columnas!$B$8*G5 | I5: 4 | J5: 12 | K5: 6 | L5: =FLOOR(MIN(12*J5/10,48*K5/10,MIN(E5,F5)),5) | M5: =IF(D5="","FALTA CARGA",IF(O5<H5,"ARM. INSUFIC.",IF(D5>P5,"NO VERIFICA",IF(D5>0.85*P5,"AL LIMITE",IF(Q5>34,"VERIF. ESBELTEZ","VERIFICA"))))) | N5: COL 06 del plano. Carga PROVISORIA por bajada automatica; es un piso, la real es mayor (ver Memoria, punto 5). | O5: =I5*PI()*(J5/10)^2/4 | P5: =Datos_columnas!$B$7*0.8*(0.85*Datos_columnas!$B$4*(G5-O5)+Datos_columnas!$B$5*O5)/1000 | Q5: =100*C5/(0.3*MIN(E5,F5)) | R5: 22.55
B6: C8 | C6: 3.22 | D6: 15.12 | E6: 15 | F6: 30 | G6: =E6*F6 | H6: =Datos_columnas!$B$8*G6 | I6: 4 | J6: 12 | K6: 6 | L6: =FLOOR(MIN(12*J6/10,48*K6/10,MIN(E6,F6)),5) | M6: =IF(D6="","FALTA CARGA",IF(O6<H6,"ARM. INSUFIC.",IF(D6>P6,"NO VERIFICA",IF(D6>0.85*P6,"AL LIMITE",IF(Q6>34,"VERIF. ESBELTEZ","VERIFICA"))))) | N6: COL 05 del plano. Carga PROVISORIA por bajada automatica; es un piso, la real es mayor (ver Memoria, punto 5). | O6: =I6*PI()*(J6/10)^2/4 | P6: =Datos_columnas!$B$7*0.8*(0.85*Datos_columnas!$B$4*(G6-O6)+Datos_columnas!$B$5*O6)/1000 | Q6: =100*C6/(0.3*MIN(E6,F6)) | R6: 15.12
B7: C9 | C7: 3.22 | D7: 20.35 | E7: 15 | F7: 30 | G7: =E7*F7 | H7: =Datos_columnas!$B$8*G7 | I7: 4 | J7: 12 | K7: 6 | L7: =FLOOR(MIN(12*J7/10,48*K7/10,MIN(E7,F7)),5) | M7: =IF(D7="","FALTA CARGA",IF(O7<H7,"ARM. INSUFIC.",IF(D7>P7,"NO VERIFICA",IF(D7>0.85*P7,"AL LIMITE",IF(Q7>34,"VERIF. ESBELTEZ","VERIFICA"))))) | N7: COL 05 del plano. Carga PROVISORIA por bajada automatica; es un piso, la real es mayor (ver Memoria, punto 5). | O7: =I7*PI()*(J7/10)^2/4 | P7: =Datos_columnas!$B$7*0.8*(0.85*Datos_columnas!$B$4*(G7-O7)+Datos_columnas!$B$5*O7)/1000 | Q7: =100*C7/(0.3*MIN(E7,F7)) | R7: 20.35
A8: PB | B8: C1 | C8: 3.15 | D8: 2.49 | E8: 15 | F8: 30 | G8: =E8*F8 | H8: =Datos_columnas!$B$8*G8 | I8: 4 | J8: 12 | K8: 6 | L8: =FLOOR(MIN(12*J8/10,48*K8/10,MIN(E8,F8)),5) | M8: =IF(D8="","FALTA CARGA",IF(O8<H8,"ARM. INSUFIC.",IF(D8>P8,"NO VERIFICA",IF(D8>0.85*P8,"AL LIMITE",IF(Q8>34,"VERIF. ESBELTEZ","VERIFICA"))))) | N8: COL 02 del plano. Carga PROVISORIA por bajada automatica; es un piso, la real es mayor (ver Memoria, punto 5). | O8: =I8*PI()*(J8/10)^2/4 | P8: =Datos_columnas!$B$7*0.8*(0.85*Datos_columnas!$B$4*(G8-O8)+Datos_columnas!$B$5*O8)/1000 | Q8: =100*C8/(0.3*MIN(E8,F8)) | R8: 2.49
B9: C2 | C9: 3.15 | D9: 29.46 | E9: 15 | F9: 30 | G9: =E9*F9 | H9: =Datos_columnas!$B$8*G9 | I9: 4 | J9: 12 | K9: 6 | L9: =FLOOR(MIN(12*J9/10,48*K9/10,MIN(E9,F9)),5) | M9: =IF(D9="","FALTA CARGA",IF(O9<H9,"ARM. INSUFIC.",IF(D9>P9,"NO VERIFICA",IF(D9>0.85*P9,"AL LIMITE",IF(Q9>34,"VERIF. ESBELTEZ","VERIFICA"))))) | N9: COL 02 del plano. Carga PROVISORIA por bajada automatica; es un piso, la real es mayor (ver Memoria, punto 5). | O9: =I9*PI()*(J9/10)^2/4 | P9: =Datos_columnas!$B$7*0.8*(0.85*Datos_columnas!$B$4*(G9-O9)+Datos_columnas!$B$5*O9)/1000 | Q9: =100*C9/(0.3*MIN(E9,F9)) | R9: 29.46
B10: C3 | C10: 3.15 | D10: 10.6 | E10: 30 | F10: 15 | G10: =E10*F10 | H10: =Datos_columnas!$B$8*G10 | I10: 4 | J10: 12 | K10: 6 | L10: =FLOOR(MIN(12*J10/10,48*K10/10,MIN(E10,F10)),5) | M10: =IF(D10="","FALTA CARGA",IF(O10<H10,"ARM. INSUFIC.",IF(D10>P10,"NO VERIFICA",IF(D10>0.85*P10,"AL LIMITE",IF(Q10>34,"VERIF. ESBELTEZ","VERIFICA"))))) | N10: COL 03 del plano. Carga PROVISORIA por bajada automatica; es un piso, la real es mayor (ver Memoria, punto 5). | O10: =I10*PI()*(J10/10)^2/4 | P10: =Datos_columnas!$B$7*0.8*(0.85*Datos_columnas!$B$4*(G10-O10)+Datos_columnas!$B$5*O10)/1000 | Q10: =100*C10/(0.3*MIN(E10,F10)) | R10: 10.6
B11: C4 | C11: 3.15 | D11: 10.28 | E11: 10 | F11: 10 | G11: =E11*F11 | H11: =Datos_columnas!$B$8*G11 | I11: 4 | J11: 12 | K11: 6 | L11: =FLOOR(MIN(12*J11/10,48*K11/10,MIN(E11,F11)),5) | M11: =IF(D11="","FALTA CARGA",IF(O11<H11,"ARM. INSUFIC.",IF(D11>P11,"NO VERIFICA",IF(D11>0.85*P11,"AL LIMITE",IF(Q11>34,"VERIF. ESBELTEZ","VERIFICA"))))) | N11: COL 01 del plano. Carga PROVISORIA por bajada automatica; es un piso, la real es mayor (ver Memoria, punto 5). Columna de 10x10, confirmada por el proyectista. El computo metrico la omite: ese computo esta incompleto en el item 4.1.3. Esbeltez muy alta (k lu / r = 105) y capacidad de solo 18,7 t: es la columna mas comprometida del conjunto. | O11: =I11*PI()*(J11/10)^2/4 | P11: =Datos_columnas!$B$7*0.8*(0.85*Datos_columnas!$B$4*(G11-O11)+Datos_columnas!$B$5*O11)/1000 | Q11: =100*C11/(0.3*MIN(E11,F11)) | R11: 10.28
B12: C5 | C12: 3.15 | D12: 15.96 | E12: 15 | F12: 30 | G12: =E12*F12 | H12: =Datos_columnas!$B$8*G12 | I12: 4 | J12: 12 | K12: 6 | L12: =FLOOR(MIN(12*J12/10,48*K12/10,MIN(E12,F12)),5) | M12: =IF(D12="","FALTA CARGA",IF(O12<H12,"ARM. INSUFIC.",IF(D12>P12,"NO VERIFICA",IF(D12>0.85*P12,"AL LIMITE",IF(Q12>34,"VERIF. ESBELTEZ","VERIFICA"))))) | N12: COL 02 del plano. Carga PROVISORIA por bajada automatica; es un piso, la real es mayor (ver Memoria, punto 5). | O12: =I12*PI()*(J12/10)^2/4 | P12: =Datos_columnas!$B$7*0.8*(0.85*Datos_columnas!$B$4*(G12-O12)+Datos_columnas!$B$5*O12)/1000 | Q12: =100*C12/(0.3*MIN(E12,F12)) | R12: 15.96
B13: C6 | C13: 3.15 | D13: 32.1 | E13: 20 | F13: 20 | G13: =E13*F13 | H13: =Datos_columnas!$B$8*G13 | I13: 4 | J13: 12 | K13: 6 | L13: =FLOOR(MIN(12*J13/10,48*K13/10,MIN(E13,F13)),5) | M13: =IF(D13="","FALTA CARGA",IF(O13<H13,"ARM. INSUFIC.",IF(D13>P13,"NO VERIFICA",IF(D13>0.85*P13,"AL LIMITE",IF(Q13>34,"VERIF. ESBELTEZ","VERIFICA"))))) | N13: COL 04 del plano. Carga PROVISORIA por bajada automatica; es un piso, la real es mayor (ver Memoria, punto 5). | O13: =I13*PI()*(J13/10)^2/4 | P13: =Datos_columnas!$B$7*0.8*(0.85*Datos_columnas!$B$4*(G13-O13)+Datos_columnas!$B$5*O13)/1000 | Q13: =100*C13/(0.3*MIN(E13,F13)) | R13: 32.1
B14: C7 | C14: 3.15 | D14: 37.78 | E14: 30 | F14: 15 | G14: =E14*F14 | H14: =Datos_columnas!$B$8*G14 | I14: 4 | J14: 12 | K14: 6 | L14: =FLOOR(MIN(12*J14/10,48*K14/10,MIN(E14,F14)),5) | M14: =IF(D14="","FALTA CARGA",IF(O14<H14,"ARM. INSUFIC.",IF(D14>P14,"NO VERIFICA",IF(D14>0.85*P14,"AL LIMITE",IF(Q14>34,"VERIF. ESBELTEZ","VERIFICA"))))) | N14: COL 03 del plano. Carga PROVISORIA por bajada automatica; es un piso, la real es mayor (ver Memoria, punto 5). | O14: =I14*PI()*(J14/10)^2/4 | P14: =Datos_columnas!$B$7*0.8*(0.85*Datos_columnas!$B$4*(G14-O14)+Datos_columnas!$B$5*O14)/1000 | Q14: =100*C14/(0.3*MIN(E14,F14)) | R14: 37.78
B15: C8 | C15: 3.15 | D15: 42.67 | E15: 15 | F15: 30 | G15: =E15*F15 | H15: =Datos_columnas!$B$8*G15 | I15: 4 | J15: 12 | K15: 6 | L15: =FLOOR(MIN(12*J15/10,48*K15/10,MIN(E15,F15)),5) | M15: =IF(D15="","FALTA CARGA",IF(O15<H15,"ARM. INSUFIC.",IF(D15>P15,"NO VERIFICA",IF(D15>0.85*P15,"AL LIMITE",IF(Q15>34,"VERIF. ESBELTEZ","VERIFICA"))))) | N15: COL 02 del plano. Carga PROVISORIA por bajada automatica; es un piso, la real es mayor (ver Memoria, punto 5). | O15: =I15*PI()*(J15/10)^2/4 | P15: =Datos_columnas!$B$7*0.8*(0.85*Datos_columnas!$B$4*(G15-O15)+Datos_columnas!$B$5*O15)/1000 | Q15: =100*C15/(0.3*MIN(E15,F15)) | R15: 42.67
B16: C9 | C16: 3.15 | D16: 54.93 | E16: 15 | F16: 30 | G16: =E16*F16 | H16: =Datos_columnas!$B$8*G16 | I16: 4 | J16: 12 | K16: 6 | L16: =FLOOR(MIN(12*J16/10,48*K16/10,MIN(E16,F16)),5) | M16: =IF(D16="","FALTA CARGA",IF(O16<H16,"ARM. INSUFIC.",IF(D16>P16,"NO VERIFICA",IF(D16>0.85*P16,"AL LIMITE",IF(Q16>34,"VERIF. ESBELTEZ","VERIFICA"))))) | N16: COL 02 del plano. Carga PROVISORIA por bajada automatica; es un piso, la real es mayor (ver Memoria, punto 5). | O16: =I16*PI()*(J16/10)^2/4 | P16: =Datos_columnas!$B$7*0.8*(0.85*Datos_columnas!$B$4*(G16-O16)+Datos_columnas!$B$5*O16)/1000 | Q16: =100*C16/(0.3*MIN(E16,F16)) | R16: 54.93

Sheet Vigas de fundacion
A1: VIGAS DE FUNDACION H°A° H-21 ACERO 42/50
A2: POSICION | B2: LUZ (m) | C2: CARGAS (kg/m) | F2: REACCIONES | H2: MOMENTO TRAMO (kgm) | I2: MOMENTO APOYO (kgm) | J2: DIMENSIONES | M2: ARMADURA TRAMO | P2: ARMADURA APOYO | S2: T (kg/cm2) | V2: ESTRIBOS | W2: VERIFICACION | X2: OBSERVACIONES | Y2: DATOS AUXILIARES
C3: esquema | D3: p | E3: diagrama | F3: RA | G3: RB | J3: b | K3: h | L3: d | M3: cm2 | N3: n | O3: o | P3: cm2 | Q3: n | R3: o | S3: A | T3: B | U3: o | V3: SEPAR | Y3: h muro | Z3: rec.
A4: VF01 (1) | B4: 0.77 | C4: Continua | D4: =1.2*(Datos_vigas!$B$7*J4*L4/10000+Datos_vigas!$B$16*Y4) | F4: =VLOOKUP(C4,Datos_vigas!$A$19:$E$23,4,0)*D4*B4 | G4: =F4 | H4: =VLOOKUP(C4,Datos_vigas!$A$19:$E$23,2,0)*D4*B4^2 | I4: =IF(VLOOKUP(C4,Datos_vigas!$A$19:$E$23,3,0)=0,"---",VLOOKUP(C4,Datos_vigas!$A$19:$E$23,3,0)*D4*B4^2) | J4: 20 | K4: =L4-Z4 | L4: 35 | M4: =IF(NOT(ISNUMBER(H4)),"---",IF(H4<=0,"---",IF(H4*100/(Datos_vigas!$B$8*J4*K4^2*Datos_vigas!$B$5)>=0.5,"REVISAR",MAX((1-SQRT(1-2*H4*100/(Datos_vigas!$B$8*J4*K4^2*Datos_vigas!$B$5)))*J4*K4*Datos_vigas!$B$5/Datos_vigas!$B$6,0.0033*J4*K4)))) | N4: 2 | O4: 12 | P4: =IF(NOT(ISNUMBER(I4)),"---",IF(I4<=0,"---",IF(I4*100/(Datos_vigas!$B$8*J4*K4^2*Datos_vigas!$B$5)>=0.5,"REVISAR",MAX((1-SQRT(1-2*I4*100/(Datos_vigas!$B$8*J4*K4^2*Datos_vigas!$B$5)))*J4*K4*Datos_vigas!$B$5/Datos_vigas!$B$6,0.0033*J4*K4)))) | Q4: 2 | R4: 12 | S4: =F4/(J4*0.85*K4) | T4: =G4/(J4*0.85*K4) | U4: 6 | V4: 15 | W4: =IF(OR(M4="REVISAR",P4="REVISAR"),"SECCION INSUF.",IF(NOT(AND(M4<>"REVISAR",P4<>"REVISAR",IF(ISNUMBER(M4),N4*PI()*(O4/10)^2/4>=M4,TRUE),IF(ISNUMBER(P4),Q4*PI()*(R4/10)^2/4>=P4,TRUE),IF(ISNUMBER(M4),M4<=0.0163*J4*K4,TRUE),IF(ISNUMBER(P4),P4<=0.0163*J4*K4,TRUE))),"NO VERIFICA FLEX.",IF(NOT(F4<=Datos_vigas!$B$9*(0.53*SQRT(Datos_vigas!$B$5)*J4*K4+2*PI()*(U4/10)^2/4*Datos_vigas!$B$6*K4/V4)),"NO VERIF. CORTE","VERIFICA"))) | Y4: 3.15 | Z4: 4
A5: VF01 (2) | B5: 0.77 | C5: Continua | D5: =1.2*(Datos_vigas!$B$7*J5*L5/10000+Datos_vigas!$B$16*Y5) | F5: =VLOOKUP(C5,Datos_vigas!$A$19:$E$23,4,0)*D5*B5 | G5: =F5 | H5: =VLOOKUP(C5,Datos_vigas!$A$19:$E$23,2,0)*D5*B5^2 | I5: =IF(VLOOKUP(C5,Datos_vigas!$A$19:$E$23,3,0)=0,"---",VLOOKUP(C5,Datos_vigas!$A$19:$E$23,3,0)*D5*B5^2) | J5: 20 | K5: =L5-Z5 | L5: 35 | M5: =IF(NOT(ISNUMBER(H5)),"---",IF(H5<=0,"---",IF(H5*100/(Datos_vigas!$B$8*J5*K5^2*Datos_vigas!$B$5)>=0.5,"REVISAR",MAX((1-SQRT(1-2*H5*100/(Datos_vigas!$B$8*J5*K5^2*Datos_vigas!$B$5)))*J5*K5*Datos_vigas!$B$5/Datos_vigas!$B$6,0.0033*J5*K5)))) | N5: 2 | O5: 12 | P5: =IF(NOT(ISNUMBER(I5)),"---",IF(I5<=0,"---",IF(I5*100/(Datos_vigas!$B$8*J5*K5^2*Datos_vigas!$B$5)>=0.5,"REVISAR",MAX((1-SQRT(1-2*I5*100/(Datos_vigas!$B$8*J5*K5^2*Datos_vigas!$B$5)))*J5*K5*Datos_vigas!$B$5/Datos_vigas!$B$6,0.0033*J5*K5)))) | Q5: 2 | R5: 12 | S5: =F5/(J5*0.85*K5) | T5: =G5/(J5*0.85*K5) | U5: 6 | V5: 15 | W5: =IF(OR(M5="REVISAR",P5="REVISAR"),"SECCION INSUF.",IF(NOT(AND(M5<>"REVISAR",P5<>"REVISAR",IF(ISNUMBER(M5),N5*PI()*(O5/10)^2/4>=M5,TRUE),IF(ISNUMBER(P5),Q5*PI()*(R5/10)^2/4>=P5,TRUE),IF(ISNUMBER(M5),M5<=0.0163*J5*K5,TRUE),IF(ISNUMBER(P5),P5<=0.0163*J5*K5,TRUE))),"NO VERIFICA FLEX.",IF(NOT(F5<=Datos_vigas!$B$9*(0.53*SQRT(Datos_vigas!$B$5)*J5*K5+2*PI()*(U5/10)^2/4*Datos_vigas!$B$6*K5/V5)),"NO VERIF. CORTE","VERIFICA"))) | Y5: 3.15 | Z5: 4
A6: VF01 (3) | B6: 0.77 | C6: Continua | D6: =1.2*(Datos_vigas!$B$7*J6*L6/10000+Datos_vigas!$B$16*Y6) | F6: =VLOOKUP(C6,Datos_vigas!$A$19:$E$23,4,0)*D6*B6 | G6: =F6 | H6: =VLOOKUP(C6,Datos_vigas!$A$19:$E$23,2,0)*D6*B6^2 | I6: =IF(VLOOKUP(C6,Datos_vigas!$A$19:$E$23,3,0)=0,"---",VLOOKUP(C6,Datos_vigas!$A$19:$E$23,3,0)*D6*B6^2) | J6: 20 | K6: =L6-Z6 | L6: 35 | M6: =IF(NOT(ISNUMBER(H6)),"---",IF(H6<=0,"---",IF(H6*100/(Datos_vigas!$B$8*J6*K6^2*Datos_vigas!$B$5)>=0.5,"REVISAR",MAX((1-SQRT(1-2*H6*100/(Datos_vigas!$B$8*J6*K6^2*Datos_vigas!$B$5)))*J6*K6*Datos_vigas!$B$5/Datos_vigas!$B$6,0.0033*J6*K6)))) | N6: 2 | O6: 12 | P6: =IF(NOT(ISNUMBER(I6)),"---",IF(I6<=0,"---",IF(I6*100/(Datos_vigas!$B$8*J6*K6^2*Datos_vigas!$B$5)>=0.5,"REVISAR",MAX((1-SQRT(1-2*I6*100/(Datos_vigas!$B$8*J6*K6^2*Datos_vigas!$B$5)))*J6*K6*Datos_vigas!$B$5/Datos_vigas!$B$6,0.0033*J6*K6)))) | Q6: 2 | R6: 12 | S6: =F6/(J6*0.85*K6) | T6: =G6/(J6*0.85*K6) | U6: 6 | V6: 15 | W6: =IF(OR(M6="REVISAR",P6="REVISAR"),"SECCION INSUF.",IF(NOT(AND(M6<>"REVISAR",P6<>"REVISAR",IF(ISNUMBER(M6),N6*PI()*(O6/10)^2/4>=M6,TRUE),IF(ISNUMBER(P6),Q6*PI()*(R6/10)^2/4>=P6,TRUE),IF(ISNUMBER(M6),M6<=0.0163*J6*K6,TRUE),IF(ISNUMBER(P6),P6<=0.0163*J6*K6,TRUE))),"NO VERIFICA FLEX.",IF(NOT(F6<=Datos_vigas!$B$9*(0.53*SQRT(Datos_vigas!$B$5)*J6*K6+2*PI()*(U6/10)^2/4*Datos_vigas!$B$6*K6/V6)),"NO VERIF. CORTE","VERIFICA"))) | Y6: 3.15 | Z6: 4
A7: VF02 | B7: 2.94 | C7: Simplemente apoyada | D7: =1.2*(Datos_vigas!$B$7*J7*L7/10000+Datos_vigas!$B$16*Y7) | F7: =VLOOKUP(C7,Datos_vigas!$A$19:$E$23,4,0)*D7*B7 | G7: =F7 | H7: =VLOOKUP(C7,Datos_vigas!$A$19:$E$23,2,0)*D7*B7^2 | I7: =IF(VLOOKUP(C7,Datos_vigas!$A$19:$E$23,3,0)=0,"---",VLOOKUP(C7,Datos_vigas!$A$19:$E$23,3,0)*D7*B7^2) | J7: 25 | K7: =L7-Z7 | L7: 35 | M7: =IF(NOT(ISNUMBER(H7)),"---",IF(H7<=0,"---",IF(H7*100/(Datos_vigas!$B$8*J7*K7^2*Datos_vigas!$B$5)>=0.5,"REVISAR",MAX((1-SQRT(1-2*H7*100/(Datos_vigas!$B$8*J7*K7^2*Datos_vigas!$B$5)))*J7*K7*Datos_vigas!$B$5/Datos_vigas!$B$6,0.0033*J7*K7)))) | N7: 6 | O7: 8 | P7: =IF(NOT(ISNUMBER(I7)),"---",IF(I7<=0,"---",IF(I7*100/(Datos_vigas!$B$8*J7*K7^2*Datos_vigas!$B$5)>=0.5,"REVISAR",MAX((1-SQRT(1-2*I7*100/(Datos_vigas!$B$8*J7*K7^2*Datos_vigas!$B$5)))*J7*K7*Datos_vigas!$B$5/Datos_vigas!$B$6,0.0033*J7*K7)))) | Q7: --- | R7: --- | S7: =F7/(J7*0.85*K7) | T7: =G7/(J7*0.85*K7) | U7: 6 | V7: 15 | W7: =IF(OR(M7="REVISAR",P7="REVISAR"),"SECCION INSUF.",IF(NOT(AND(M7<>"REVISAR",P7<>"REVISAR",IF(ISNUMBER(M7),N7*PI()*(O7/10)^2/4>=M7,TRUE),IF(ISNUMBER(P7),Q7*PI()*(R7/10)^2/4>=P7,TRUE),IF(ISNUMBER(M7),M7<=0.0163*J7*K7,TRUE),IF(ISNUMBER(P7),P7<=0.0163*J7*K7,TRUE))),"NO VERIFICA FLEX.",IF(NOT(F7<=Datos_vigas!$B$9*(0.53*SQRT(Datos_vigas!$B$5)*J7*K7+2*PI()*(U7/10)^2/4*Datos_vigas!$B$6*K7/V7)),"NO VERIF. CORTE","VERIFICA"))) | X7: Longitud total 3.28 m. La luz de calculo es la mayor entre pilotes, deducida de la posicion de los pilotes dibujados en el plano. | Y7: 3.15 | Z7: 4
A8: VF03 | B8: 9.01 | C8: Continua | D8: =1.2*(Datos_vigas!$B$7*J8*L8/10000+Datos_vigas!$B$16*Y8) | F8: =VLOOKUP(C8,Datos_vigas!$A$19:$E$23,4,0)*D8*B8 | G8: =F8 | H8: =VLOOKUP(C8,Datos_vigas!$A$19:$E$23,2,0)*D8*B8^2 | I8: =IF(VLOOKUP(C8,Datos_vigas!$A$19:$E$23,3,0)=0,"---",VLOOKUP(C8,Datos_vigas!$A$19:$E$23,3,0)*D8*B8^2) | J8: 22 | K8: =L8-Z8 | L8: 25 | M8: =IF(NOT(ISNUMBER(H8)),"---",IF(H8<=0,"---",IF(H8*100/(Datos_vigas!$B$8*J8*K8^2*Datos_vigas!$B$5)>=0.5,"REVISAR",MAX((1-SQRT(1-2*H8*100/(Datos_vigas!$B$8*J8*K8^2*Datos_vigas!$B$5)))*J8*K8*Datos_vigas!$B$5/Datos_vigas!$B$6,0.0033*J8*K8)))) | N8: 2 | O8: 25 | P8: =IF(NOT(ISNUMBER(I8)),"---",IF(I8<=0,"---",IF(I8*100/(Datos_vigas!$B$8*J8*K8^2*Datos_vigas!$B$5)>=0.5,"REVISAR",MAX((1-SQRT(1-2*I8*100/(Datos_vigas!$B$8*J8*K8^2*Datos_vigas!$B$5)))*J8*K8*Datos_vigas!$B$5/Datos_vigas!$B$6,0.0033*J8*K8)))) | Q8: 5 | R8: 6 | S8: =F8/(J8*0.85*K8) | T8: =G8/(J8*0.85*K8) | U8: 12 | V8: 5 | W8: =IF(OR(M8="REVISAR",P8="REVISAR"),"SECCION INSUF.",IF(NOT(AND(M8<>"REVISAR",P8<>"REVISAR",IF(ISNUMBER(M8),N8*PI()*(O8/10)^2/4>=M8,TRUE),IF(ISNUMBER(P8),Q8*PI()*(R8/10)^2/4>=P8,TRUE),IF(ISNUMBER(M8),M8<=0.0163*J8*K8,TRUE),IF(ISNUMBER(P8),P8<=0.0163*J8*K8,TRUE))),"NO VERIFICA FLEX.",IF(NOT(F8<=Datos_vigas!$B$9*(0.53*SQRT(Datos_vigas!$B$5)*J8*K8+2*PI()*(U8/10)^2/4*Datos_vigas!$B$6*K8/V8)),"NO VERIF. CORTE","VERIFICA"))) | X8: Longitud total 9.28 m. La luz de calculo es la mayor entre pilotes, deducida de la posicion de los pilotes dibujados en el plano. No se detectaron pilotes intermedios en este tramo. Verificar: puede estar apoyada directamente sobre el terreno, en cuyo caso no flexiona como viga de luz libre. Relacion luz/altura alta. En una viga de fundacion enterrada la flecha no suele gobernar, por eso no se la incluye en la verificacion. | Y8: 3.15 | Z8: 7
A9: VF04a | B9: 3.8 | C9: Continua | D9: =1.2*(Datos_vigas!$B$7*J9*L9/10000+Datos_vigas!$B$16*Y9) | F9: =VLOOKUP(C9,Datos_vigas!$A$19:$E$23,4,0)*D9*B9 | G9: =F9 | H9: =VLOOKUP(C9,Datos_vigas!$A$19:$E$23,2,0)*D9*B9^2 | I9: =IF(VLOOKUP(C9,Datos_vigas!$A$19:$E$23,3,0)=0,"---",VLOOKUP(C9,Datos_vigas!$A$19:$E$23,3,0)*D9*B9^2) | J9: 22 | K9: =L9-Z9 | L9: 35 | M9: =IF(NOT(ISNUMBER(H9)),"---",IF(H9<=0,"---",IF(H9*100/(Datos_vigas!$B$8*J9*K9^2*Datos_vigas!$B$5)>=0.5,"REVISAR",MAX((1-SQRT(1-2*H9*100/(Datos_vigas!$B$8*J9*K9^2*Datos_vigas!$B$5)))*J9*K9*Datos_vigas!$B$5/Datos_vigas!$B$6,0.0033*J9*K9)))) | N9: 2 | O9: 12 | P9: =IF(NOT(ISNUMBER(I9)),"---",IF(I9<=0,"---",IF(I9*100/(Datos_vigas!$B$8*J9*K9^2*Datos_vigas!$B$5)>=0.5,"REVISAR",MAX((1-SQRT(1-2*I9*100/(Datos_vigas!$B$8*J9*K9^2*Datos_vigas!$B$5)))*J9*K9*Datos_vigas!$B$5/Datos_vigas!$B$6,0.0033*J9*K9)))) | Q9: 2 | R9: 12 | S9: =F9/(J9*0.85*K9) | T9: =G9/(J9*0.85*K9) | U9: 6 | V9: 15 | W9: =IF(OR(M9="REVISAR",P9="REVISAR"),"SECCION INSUF.",IF(NOT(AND(M9<>"REVISAR",P9<>"REVISAR",IF(ISNUMBER(M9),N9*PI()*(O9/10)^2/4>=M9,TRUE),IF(ISNUMBER(P9),Q9*PI()*(R9/10)^2/4>=P9,TRUE),IF(ISNUMBER(M9),M9<=0.0163*J9*K9,TRUE),IF(ISNUMBER(P9),P9<=0.0163*J9*K9,TRUE))),"NO VERIFICA FLEX.",IF(NOT(F9<=Datos_vigas!$B$9*(0.53*SQRT(Datos_vigas!$B$5)*J9*K9+2*PI()*(U9/10)^2/4*Datos_vigas!$B$6*K9/V9)),"NO VERIF. CORTE","VERIFICA"))) | X9: El ancho quedo cortado en el PDF: se adopta 20 cm. Confirmar si es 20 o 22. Longitud total 5.33 m. La luz de calculo es la mayor entre pilotes, deducida de la posicion de los pilotes dibujados en el plano. | Y9: 3.15 | Z9: 4
A10: VF04b | B10: 3.3 | C10: Continua | D10: =1.2*(Datos_vigas!$B$7*J10*L10/10000+Datos_vigas!$B$16*Y10) | F10: =VLOOKUP(C10,Datos_vigas!$A$19:$E$23,4,0)*D10*B10 | G10: =F10 | H10: =VLOOKUP(C10,Datos_vigas!$A$19:$E$23,2,0)*D10*B10^2 | I10: =IF(VLOOKUP(C10,Datos_vigas!$A$19:$E$23,3,0)=0,"---",VLOOKUP(C10,Datos_vigas!$A$19:$E$23,3,0)*D10*B10^2) | J10: 20 | K10: =L10-Z10 | L10: 25 | M10: =IF(NOT(ISNUMBER(H10)),"---",IF(H10<=0,"---",IF(H10*100/(Datos_vigas!$B$8*J10*K10^2*Datos_vigas!$B$5)>=0.5,"REVISAR",MAX((1-SQRT(1-2*H10*100/(Datos_vigas!$B$8*J10*K10^2*Datos_vigas!$B$5)))*J10*K10*Datos_vigas!$B$5/Datos_vigas!$B$6,0.0033*J10*K10)))) | N10: 5 | O10: 6 | P10: =IF(NOT(ISNUMBER(I10)),"---",IF(I10<=0,"---",IF(I10*100/(Datos_vigas!$B$8*J10*K10^2*Datos_vigas!$B$5)>=0.5,"REVISAR",MAX((1-SQRT(1-2*I10*100/(Datos_vigas!$B$8*J10*K10^2*Datos_vigas!$B$5)))*J10*K10*Datos_vigas!$B$5/Datos_vigas!$B$6,0.0033*J10*K10)))) | Q10: 2 | R10: 10 | S10: =F10/(J10*0.85*K10) | T10: =G10/(J10*0.85*K10) | U10: 6 | V10: 10 | W10: =IF(OR(M10="REVISAR",P10="REVISAR"),"SECCION INSUF.",IF(NOT(AND(M10<>"REVISAR",P10<>"REVISAR",IF(ISNUMBER(M10),N10*PI()*(O10/10)^2/4>=M10,TRUE),IF(ISNUMBER(P10),Q10*PI()*(R10/10)^2/4>=P10,TRUE),IF(ISNUMBER(M10),M10<=0.0163*J10*K10,TRUE),IF(ISNUMBER(P10),P10<=0.0163*J10*K10,TRUE))),"NO VERIFICA FLEX.",IF(NOT(F10<=Datos_vigas!$B$9*(0.53*SQRT(Datos_vigas!$B$5)*J10*K10+2*PI()*(U10/10)^2/4*Datos_vigas!$B$6*K10/V10)),"NO VERIF. CORTE","VERIFICA"))) | Y10: 3.15 | Z10: 4
A11: VF04c | B11: 3.08 | C11: Continua | D11: =1.2*(Datos_vigas!$B$7*J11*L11/10000+Datos_vigas!$B$16*Y11) | F11: =VLOOKUP(C11,Datos_vigas!$A$19:$E$23,4,0)*D11*B11 | G11: =F11 | H11: =VLOOKUP(C11,Datos_vigas!$A$19:$E$23,2,0)*D11*B11^2 | I11: =IF(VLOOKUP(C11,Datos_vigas!$A$19:$E$23,3,0)=0,"---",VLOOKUP(C11,Datos_vigas!$A$19:$E$23,3,0)*D11*B11^2) | J11: 20 | K11: =L11-Z11 | L11: 25 | M11: =IF(NOT(ISNUMBER(H11)),"---",IF(H11<=0,"---",IF(H11*100/(Datos_vigas!$B$8*J11*K11^2*Datos_vigas!$B$5)>=0.5,"REVISAR",MAX((1-SQRT(1-2*H11*100/(Datos_vigas!$B$8*J11*K11^2*Datos_vigas!$B$5)))*J11*K11*Datos_vigas!$B$5/Datos_vigas!$B$6,0.0033*J11*K11)))) | N11: 5 | O11: 6 | P11: =IF(NOT(ISNUMBER(I11)),"---",IF(I11<=0,"---",IF(I11*100/(Datos_vigas!$B$8*J11*K11^2*Datos_vigas!$B$5)>=0.5,"REVISAR",MAX((1-SQRT(1-2*I11*100/(Datos_vigas!$B$8*J11*K11^2*Datos_vigas!$B$5)))*J11*K11*Datos_vigas!$B$5/Datos_vigas!$B$6,0.0033*J11*K11)))) | Q11: 5 | R11: 6 | S11: =F11/(J11*0.85*K11) | T11: =G11/(J11*0.85*K11) | U11: 6 | V11: 10 | W11: =IF(OR(M11="REVISAR",P11="REVISAR"),"SECCION INSUF.",IF(NOT(AND(M11<>"REVISAR",P11<>"REVISAR",IF(ISNUMBER(M11),N11*PI()*(O11/10)^2/4>=M11,TRUE),IF(ISNUMBER(P11),Q11*PI()*(R11/10)^2/4>=P11,TRUE),IF(ISNUMBER(M11),M11<=0.0163*J11*K11,TRUE),IF(ISNUMBER(P11),P11<=0.0163*J11*K11,TRUE))),"NO VERIFICA FLEX.",IF(NOT(F11<=Datos_vigas!$B$9*(0.53*SQRT(Datos_vigas!$B$5)*J11*K11+2*PI()*(U11/10)^2/4*Datos_vigas!$B$6*K11/V11)),"NO VERIF. CORTE","VERIFICA"))) | Y11: 3.15 | Z11: 4
A12: VF05 | B12: 2.26 | C12: Simplemente apoyada | D12: =1.2*(Datos_vigas!$B$7*J12*L12/10000+Datos_vigas!$B$16*Y12) | F12: =VLOOKUP(C12,Datos_vigas!$A$19:$E$23,4,0)*D12*B12 | G12: =F12 | H12: =VLOOKUP(C12,Datos_vigas!$A$19:$E$23,2,0)*D12*B12^2 | I12: =IF(VLOOKUP(C12,Datos_vigas!$A$19:$E$23,3,0)=0,"---",VLOOKUP(C12,Datos_vigas!$A$19:$E$23,3,0)*D12*B12^2) | J12: 15 | K12: =L12-Z12 | L12: 25 | M12: =IF(NOT(ISNUMBER(H12)),"---",IF(H12<=0,"---",IF(H12*100/(Datos_vigas!$B$8*J12*K12^2*Datos_vigas!$B$5)>=0.5,"REVISAR",MAX((1-SQRT(1-2*H12*100/(Datos_vigas!$B$8*J12*K12^2*Datos_vigas!$B$5)))*J12*K12*Datos_vigas!$B$5/Datos_vigas!$B$6,0.0033*J12*K12)))) | N12: 3 | O12: 8 | P12: =IF(NOT(ISNUMBER(I12)),"---",IF(I12<=0,"---",IF(I12*100/(Datos_vigas!$B$8*J12*K12^2*Datos_vigas!$B$5)>=0.5,"REVISAR",MAX((1-SQRT(1-2*I12*100/(Datos_vigas!$B$8*J12*K12^2*Datos_vigas!$B$5)))*J12*K12*Datos_vigas!$B$5/Datos_vigas!$B$6,0.0033*J12*K12)))) | Q12: --- | R12: --- | S12: =F12/(J12*0.85*K12) | T12: =G12/(J12*0.85*K12) | U12: 6 | V12: 10 | W12: =IF(OR(M12="REVISAR",P12="REVISAR"),"SECCION INSUF.",IF(NOT(AND(M12<>"REVISAR",P12<>"REVISAR",IF(ISNUMBER(M12),N12*PI()*(O12/10)^2/4>=M12,TRUE),IF(ISNUMBER(P12),Q12*PI()*(R12/10)^2/4>=P12,TRUE),IF(ISNUMBER(M12),M12<=0.0163*J12*K12,TRUE),IF(ISNUMBER(P12),P12<=0.0163*J12*K12,TRUE))),"NO VERIFICA FLEX.",IF(NOT(F12<=Datos_vigas!$B$9*(0.53*SQRT(Datos_vigas!$B$5)*J12*K12+2*PI()*(U12/10)^2/4*Datos_vigas!$B$6*K12/V12)),"NO VERIF. CORTE","VERIFICA"))) | Y12: 3.15 | Z12: 4
A13: VF06a | B13: 0.23 | C13: Continua | D13: =1.2*(Datos_vigas!$B$7*J13*L13/10000+Datos_vigas!$B$16*Y13) | F13: =VLOOKUP(C13,Datos_vigas!$A$19:$E$23,4,0)*D13*B13 | G13: =F13 | H13: =VLOOKUP(C13,Datos_vigas!$A$19:$E$23,2,0)*D13*B13^2 | I13: =IF(VLOOKUP(C13,Datos_vigas!$A$19:$E$23,3,0)=0,"---",VLOOKUP(C13,Datos_vigas!$A$19:$E$23,3,0)*D13*B13^2) | J13: 15 | K13: =L13-Z13 | L13: 25 | M13: =IF(NOT(ISNUMBER(H13)),"---",IF(H13<=0,"---",IF(H13*100/(Datos_vigas!$B$8*J13*K13^2*Datos_vigas!$B$5)>=0.5,"REVISAR",MAX((1-SQRT(1-2*H13*100/(Datos_vigas!$B$8*J13*K13^2*Datos_vigas!$B$5)))*J13*K13*Datos_vigas!$B$5/Datos_vigas!$B$6,0.0033*J13*K13)))) | N13: 3 | O13: 8 | P13: =IF(NOT(ISNUMBER(I13)),"---",IF(I13<=0,"---",IF(I13*100/(Datos_vigas!$B$8*J13*K13^2*Datos_vigas!$B$5)>=0.5,"REVISAR",MAX((1-SQRT(1-2*I13*100/(Datos_vigas!$B$8*J13*K13^2*Datos_vigas!$B$5)))*J13*K13*Datos_vigas!$B$5/Datos_vigas!$B$6,0.0033*J13*K13)))) | Q13: 3 | R13: 8 | S13: =F13/(J13*0.85*K13) | T13: =G13/(J13*0.85*K13) | U13: 6 | V13: 10 | W13: =IF(OR(M13="REVISAR",P13="REVISAR"),"SECCION INSUF.",IF(NOT(AND(M13<>"REVISAR",P13<>"REVISAR",IF(ISNUMBER(M13),N13*PI()*(O13/10)^2/4>=M13,TRUE),IF(ISNUMBER(P13),Q13*PI()*(R13/10)^2/4>=P13,TRUE),IF(ISNUMBER(M13),M13<=0.0163*J13*K13,TRUE),IF(ISNUMBER(P13),P13<=0.0163*J13*K13,TRUE))),"NO VERIFICA FLEX.",IF(NOT(F13<=Datos_vigas!$B$9*(0.53*SQRT(Datos_vigas!$B$5)*J13*K13+2*PI()*(U13/10)^2/4*Datos_vigas!$B$6*K13/V13)),"NO VERIF. CORTE","VERIFICA"))) | Y13: 3.15 | Z13: 4
A14: VF06b | B14: 1.83 | C14: Continua | D14: =1.2*(Datos_vigas!$B$7*J14*L14/10000+Datos_vigas!$B$16*Y14) | F14: =VLOOKUP(C14,Datos_vigas!$A$19:$E$23,4,0)*D14*B14 | G14: =F14 | H14: =VLOOKUP(C14,Datos_vigas!$A$19:$E$23,2,0)*D14*B14^2 | I14: =IF(VLOOKUP(C14,Datos_vigas!$A$19:$E$23,3,0)=0,"---",VLOOKUP(C14,Datos_vigas!$A$19:$E$23,3,0)*D14*B14^2) | J14: 20 | K14: =L14-Z14 | L14: 25 | M14: =IF(NOT(ISNUMBER(H14)),"---",IF(H14<=0,"---",IF(H14*100/(Datos_vigas!$B$8*J14*K14^2*Datos_vigas!$B$5)>=0.5,"REVISAR",MAX((1-SQRT(1-2*H14*100/(Datos_vigas!$B$8*J14*K14^2*Datos_vigas!$B$5)))*J14*K14*Datos_vigas!$B$5/Datos_vigas!$B$6,0.0033*J14*K14)))) | N14: 5 | O14: 6 | P14: =IF(NOT(ISNUMBER(I14)),"---",IF(I14<=0,"---",IF(I14*100/(Datos_vigas!$B$8*J14*K14^2*Datos_vigas!$B$5)>=0.5,"REVISAR",MAX((1-SQRT(1-2*I14*100/(Datos_vigas!$B$8*J14*K14^2*Datos_vigas!$B$5)))*J14*K14*Datos_vigas!$B$5/Datos_vigas!$B$6,0.0033*J14*K14)))) | Q14: 5 | R14: 6 | S14: =F14/(J14*0.85*K14) | T14: =G14/(J14*0.85*K14) | U14: 6 | V14: 10 | W14: =IF(OR(M14="REVISAR",P14="REVISAR"),"SECCION INSUF.",IF(NOT(AND(M14<>"REVISAR",P14<>"REVISAR",IF(ISNUMBER(M14),N14*PI()*(O14/10)^2/4>=M14,TRUE),IF(ISNUMBER(P14),Q14*PI()*(R14/10)^2/4>=P14,TRUE),IF(ISNUMBER(M14),M14<=0.0163*J14*K14,TRUE),IF(ISNUMBER(P14),P14<=0.0163*J14*K14,TRUE))),"NO VERIFICA FLEX.",IF(NOT(F14<=Datos_vigas!$B$9*(0.53*SQRT(Datos_vigas!$B$5)*J14*K14+2*PI()*(U14/10)^2/4*Datos_vigas!$B$6*K14/V14)),"NO VERIF. CORTE","VERIFICA"))) | Y14: 3.15 | Z14: 4
A15: VF06c | B15: 3.3 | C15: Continua | D15: =1.2*(Datos_vigas!$B$7*J15*L15/10000+Datos_vigas!$B$16*Y15) | F15: =VLOOKUP(C15,Datos_vigas!$A$19:$E$23,4,0)*D15*B15 | G15: =F15 | H15: =VLOOKUP(C15,Datos_vigas!$A$19:$E$23,2,0)*D15*B15^2 | I15: =IF(VLOOKUP(C15,Datos_vigas!$A$19:$E$23,3,0)=0,"---",VLOOKUP(C15,Datos_vigas!$A$19:$E$23,3,0)*D15*B15^2) | J15: 20 | K15: =L15-Z15 | L15: 25 | M15: =IF(NOT(ISNUMBER(H15)),"---",IF(H15<=0,"---",IF(H15*100/(Datos_vigas!$B$8*J15*K15^2*Datos_vigas!$B$5)>=0.5,"REVISAR",MAX((1-SQRT(1-2*H15*100/(Datos_vigas!$B$8*J15*K15^2*Datos_vigas!$B$5)))*J15*K15*Datos_vigas!$B$5/Datos_vigas!$B$6,0.0033*J15*K15)))) | N15: 5 | O15: 6 | P15: =IF(NOT(ISNUMBER(I15)),"---",IF(I15<=0,"---",IF(I15*100/(Datos_vigas!$B$8*J15*K15^2*Datos_vigas!$B$5)>=0.5,"REVISAR",MAX((1-SQRT(1-2*I15*100/(Datos_vigas!$B$8*J15*K15^2*Datos_vigas!$B$5)))*J15*K15*Datos_vigas!$B$5/Datos_vigas!$B$6,0.0033*J15*K15)))) | Q15: 2 | R15: 10 | S15: =F15/(J15*0.85*K15) | T15: =G15/(J15*0.85*K15) | U15: 6 | V15: 10 | W15: =IF(OR(M15="REVISAR",P15="REVISAR"),"SECCION INSUF.",IF(NOT(AND(M15<>"REVISAR",P15<>"REVISAR",IF(ISNUMBER(M15),N15*PI()*(O15/10)^2/4>=M15,TRUE),IF(ISNUMBER(P15),Q15*PI()*(R15/10)^2/4>=P15,TRUE),IF(ISNUMBER(M15),M15<=0.0163*J15*K15,TRUE),IF(ISNUMBER(P15),P15<=0.0163*J15*K15,TRUE))),"NO VERIFICA FLEX.",IF(NOT(F15<=Datos_vigas!$B$9*(0.53*SQRT(Datos_vigas!$B$5)*J15*K15+2*PI()*(U15/10)^2/4*Datos_vigas!$B$6*K15/V15)),"NO VERIF. CORTE","VERIFICA"))) | Y15: 3.15 | Z15: 4
A16: VF06d | B16: 3.03 | C16: Continua | D16: =1.2*(Datos_vigas!$B$7*J16*L16/10000+Datos_vigas!$B$16*Y16) | F16: =VLOOKUP(C16,Datos_vigas!$A$19:$E$23,4,0)*D16*B16 | G16: =F16 | H16: =VLOOKUP(C16,Datos_vigas!$A$19:$E$23,2,0)*D16*B16^2 | I16: =IF(VLOOKUP(C16,Datos_vigas!$A$19:$E$23,3,0)=0,"---",VLOOKUP(C16,Datos_vigas!$A$19:$E$23,3,0)*D16*B16^2) | J16: 22 | K16: =L16-Z16 | L16: 25 | M16: =IF(NOT(ISNUMBER(H16)),"---",IF(H16<=0,"---",IF(H16*100/(Datos_vigas!$B$8*J16*K16^2*Datos_vigas!$B$5)>=0.5,"REVISAR",MAX((1-SQRT(1-2*H16*100/(Datos_vigas!$B$8*J16*K16^2*Datos_vigas!$B$5)))*J16*K16*Datos_vigas!$B$5/Datos_vigas!$B$6,0.0033*J16*K16)))) | N16: 2 | O16: 10 | P16: =IF(NOT(ISNUMBER(I16)),"---",IF(I16<=0,"---",IF(I16*100/(Datos_vigas!$B$8*J16*K16^2*Datos_vigas!$B$5)>=0.5,"REVISAR",MAX((1-SQRT(1-2*I16*100/(Datos_vigas!$B$8*J16*K16^2*Datos_vigas!$B$5)))*J16*K16*Datos_vigas!$B$5/Datos_vigas!$B$6,0.0033*J16*K16)))) | Q16: 2 | R16: 10 | S16: =F16/(J16*0.85*K16) | T16: =G16/(J16*0.85*K16) | U16: 6 | V16: 10 | W16: =IF(OR(M16="REVISAR",P16="REVISAR"),"SECCION INSUF.",IF(NOT(AND(M16<>"REVISAR",P16<>"REVISAR",IF(ISNUMBER(M16),N16*PI()*(O16/10)^2/4>=M16,TRUE),IF(ISNUMBER(P16),Q16*PI()*(R16/10)^2/4>=P16,TRUE),IF(ISNUMBER(M16),M16<=0.0163*J16*K16,TRUE),IF(ISNUMBER(P16),P16<=0.0163*J16*K16,TRUE))),"NO VERIFICA FLEX.",IF(NOT(F16<=Datos_vigas!$B$9*(0.53*SQRT(Datos_vigas!$B$5)*J16*K16+2*PI()*(U16/10)^2/4*Datos_vigas!$B$6*K16/V16)),"NO VERIF. CORTE","VERIFICA"))) | Y16: 3.15 | Z16: 4
A17: VF07 | B17: 3.5 | C17: Simplemente apoyada | D17: =1.2*(Datos_vigas!$B$7*J17*L17/10000+Datos_vigas!$B$16*Y17) | F17: =VLOOKUP(C17,Datos_vigas!$A$19:$E$23,4,0)*D17*B17 | G17: =F17 | H17: =VLOOKUP(C17,Datos_vigas!$A$19:$E$23,2,0)*D17*B17^2 | I17: =IF(VLOOKUP(C17,Datos_vigas!$A$19:$E$23,3,0)=0,"---",VLOOKUP(C17,Datos_vigas!$A$19:$E$23,3,0)*D17*B17^2) | J17: 20 | K17: =L17-Z17 | L17: 25 | M17: =IF(NOT(ISNUMBER(H17)),"---",IF(H17<=0,"---",IF(H17*100/(Datos_vigas!$B$8*J17*K17^2*Datos_vigas!$B$5)>=0.5,"REVISAR",MAX((1-SQRT(1-2*H17*100/(Datos_vigas!$B$8*J17*K17^2*Datos_vigas!$B$5)))*J17*K17*Datos_vigas!$B$5/Datos_vigas!$B$6,0.0033*J17*K17)))) | N17: 2 | O17: 12 | P17: =IF(NOT(ISNUMBER(I17)),"---",IF(I17<=0,"---",IF(I17*100/(Datos_vigas!$B$8*J17*K17^2*Datos_vigas!$B$5)>=0.5,"REVISAR",MAX((1-SQRT(1-2*I17*100/(Datos_vigas!$B$8*J17*K17^2*Datos_vigas!$B$5)))*J17*K17*Datos_vigas!$B$5/Datos_vigas!$B$6,0.0033*J17*K17)))) | Q17: --- | R17: --- | S17: =F17/(J17*0.85*K17) | T17: =G17/(J17*0.85*K17) | U17: 6 | V17: 10 | W17: =IF(OR(M17="REVISAR",P17="REVISAR"),"SECCION INSUF.",IF(NOT(AND(M17<>"REVISAR",P17<>"REVISAR",IF(ISNUMBER(M17),N17*PI()*(O17/10)^2/4>=M17,TRUE),IF(ISNUMBER(P17),Q17*PI()*(R17/10)^2/4>=P17,TRUE),IF(ISNUMBER(M17),M17<=0.0163*J17*K17,TRUE),IF(ISNUMBER(P17),P17<=0.0163*J17*K17,TRUE))),"NO VERIFICA FLEX.",IF(NOT(F17<=Datos_vigas!$B$9*(0.53*SQRT(Datos_vigas!$B$5)*J17*K17+2*PI()*(U17/10)^2/4*Datos_vigas!$B$6*K17/V17)),"NO VERIF. CORTE","VERIFICA"))) | Y17: 3.15 | Z17: 4
A18: VF08 | B18: 2.04 | C18: Simplemente apoyada | D18: =1.2*(Datos_vigas!$B$7*J18*L18/10000+Datos_vigas!$B$16*Y18) | F18: =VLOOKUP(C18,Datos_vigas!$A$19:$E$23,4,0)*D18*B18 | G18: =F18 | H18: =VLOOKUP(C18,Datos_vigas!$A$19:$E$23,2,0)*D18*B18^2 | I18: =IF(VLOOKUP(C18,Datos_vigas!$A$19:$E$23,3,0)=0,"---",VLOOKUP(C18,Datos_vigas!$A$19:$E$23,3,0)*D18*B18^2) | J18: 25 | K18: =L18-Z18 | L18: 35 | M18: =IF(NOT(ISNUMBER(H18)),"---",IF(H18<=0,"---",IF(H18*100/(Datos_vigas!$B$8*J18*K18^2*Datos_vigas!$B$5)>=0.5,"REVISAR",MAX((1-SQRT(1-2*H18*100/(Datos_vigas!$B$8*J18*K18^2*Datos_vigas!$B$5)))*J18*K18*Datos_vigas!$B$5/Datos_vigas!$B$6,0.0033*J18*K18)))) | N18: 6 | O18: 8 | P18: =IF(NOT(ISNUMBER(I18)),"---",IF(I18<=0,"---",IF(I18*100/(Datos_vigas!$B$8*J18*K18^2*Datos_vigas!$B$5)>=0.5,"REVISAR",MAX((1-SQRT(1-2*I18*100/(Datos_vigas!$B$8*J18*K18^2*Datos_vigas!$B$5)))*J18*K18*Datos_vigas!$B$5/Datos_vigas!$B$6,0.0033*J18*K18)))) | Q18: --- | R18: --- | S18: =F18/(J18*0.85*K18) | T18: =G18/(J18*0.85*K18) | U18: 6 | V18: 15 | W18: =IF(OR(M18="REVISAR",P18="REVISAR"),"SECCION INSUF.",IF(NOT(AND(M18<>"REVISAR",P18<>"REVISAR",IF(ISNUMBER(M18),N18*PI()*(O18/10)^2/4>=M18,TRUE),IF(ISNUMBER(P18),Q18*PI()*(R18/10)^2/4>=P18,TRUE),IF(ISNUMBER(M18),M18<=0.0163*J18*K18,TRUE),IF(ISNUMBER(P18),P18<=0.0163*J18*K18,TRUE))),"NO VERIFICA FLEX.",IF(NOT(F18<=Datos_vigas!$B$9*(0.53*SQRT(Datos_vigas!$B$5)*J18*K18+2*PI()*(U18/10)^2/4*Datos_vigas!$B$6*K18/V18)),"NO VERIF. CORTE","VERIFICA"))) | X18: Longitud total 3.50 m. La luz de calculo es la mayor entre pilotes, deducida de la posicion de los pilotes dibujados en el plano. | Y18: 3.15 | Z18: 4
A19: VF09 (1) | B19: 0.7 | C19: Continua | D19: =1.2*(Datos_vigas!$B$7*J19*L19/10000+Datos_vigas!$B$16*Y19) | F19: =VLOOKUP(C19,Datos_vigas!$A$19:$E$23,4,0)*D19*B19 | G19: =F19 | H19: =VLOOKUP(C19,Datos_vigas!$A$19:$E$23,2,0)*D19*B19^2 | I19: =IF(VLOOKUP(C19,Datos_vigas!$A$19:$E$23,3,0)=0,"---",VLOOKUP(C19,Datos_vigas!$A$19:$E$23,3,0)*D19*B19^2) | J19: 25 | K19: =L19-Z19 | L19: 35 | M19: =IF(NOT(ISNUMBER(H19)),"---",IF(H19<=0,"---",IF(H19*100/(Datos_vigas!$B$8*J19*K19^2*Datos_vigas!$B$5)>=0.5,"REVISAR",MAX((1-SQRT(1-2*H19*100/(Datos_vigas!$B$8*J19*K19^2*Datos_vigas!$B$5)))*J19*K19*Datos_vigas!$B$5/Datos_vigas!$B$6,0.0033*J19*K19)))) | N19: 6 | O19: 8 | P19: =IF(NOT(ISNUMBER(I19)),"---",IF(I19<=0,"---",IF(I19*100/(Datos_vigas!$B$8*J19*K19^2*Datos_vigas!$B$5)>=0.5,"REVISAR",MAX((1-SQRT(1-2*I19*100/(Datos_vigas!$B$8*J19*K19^2*Datos_vigas!$B$5)))*J19*K19*Datos_vigas!$B$5/Datos_vigas!$B$6,0.0033*J19*K19)))) | Q19: 6 | R19: 8 | S19: =F19/(J19*0.85*K19) | T19: =G19/(J19*0.85*K19) | U19: 6 | V19: 15 | W19: =IF(OR(M19="REVISAR",P19="REVISAR"),"SECCION INSUF.",IF(NOT(AND(M19<>"REVISAR",P19<>"REVISAR",IF(ISNUMBER(M19),N19*PI()*(O19/10)^2/4>=M19,TRUE),IF(ISNUMBER(P19),Q19*PI()*(R19/10)^2/4>=P19,TRUE),IF(ISNUMBER(M19),M19<=0.0163*J19*K19,TRUE),IF(ISNUMBER(P19),P19<=0.0163*J19*K19,TRUE))),"NO VERIFICA FLEX.",IF(NOT(F19<=Datos_vigas!$B$9*(0.53*SQRT(Datos_vigas!$B$5)*J19*K19+2*PI()*(U19/10)^2/4*Datos_vigas!$B$6*K19/V19)),"NO VERIF. CORTE","VERIFICA"))) | Y19: 3.15 | Z19: 4
A20: VF09 (2) | B20: 0.7 | C20: Continua | D20: =1.2*(Datos_vigas!$B$7*J20*L20/10000+Datos_vigas!$B$16*Y20) | F20: =VLOOKUP(C20,Datos_vigas!$A$19:$E$23,4,0)*D20*B20 | G20: =F20 | H20: =VLOOKUP(C20,Datos_vigas!$A$19:$E$23,2,0)*D20*B20^2 | I20: =IF(VLOOKUP(C20,Datos_vigas!$A$19:$E$23,3,0)=0,"---",VLOOKUP(C20,Datos_vigas!$A$19:$E$23,3,0)*D20*B20^2) | J20: 25 | K20: =L20-Z20 | L20: 35 | M20: =IF(NOT(ISNUMBER(H20)),"---",IF(H20<=0,"---",IF(H20*100/(Datos_vigas!$B$8*J20*K20^2*Datos_vigas!$B$5)>=0.5,"REVISAR",MAX((1-SQRT(1-2*H20*100/(Datos_vigas!$B$8*J20*K20^2*Datos_vigas!$B$5)))*J20*K20*Datos_vigas!$B$5/Datos_vigas!$B$6,0.0033*J20*K20)))) | N20: 6 | O20: 8 | P20: =IF(NOT(ISNUMBER(I20)),"---",IF(I20<=0,"---",IF(I20*100/(Datos_vigas!$B$8*J20*K20^2*Datos_vigas!$B$5)>=0.5,"REVISAR",MAX((1-SQRT(1-2*I20*100/(Datos_vigas!$B$8*J20*K20^2*Datos_vigas!$B$5)))*J20*K20*Datos_vigas!$B$5/Datos_vigas!$B$6,0.0033*J20*K20)))) | Q20: 6 | R20: 8 | S20: =F20/(J20*0.85*K20) | T20: =G20/(J20*0.85*K20) | U20: 6 | V20: 15 | W20: =IF(OR(M20="REVISAR",P20="REVISAR"),"SECCION INSUF.",IF(NOT(AND(M20<>"REVISAR",P20<>"REVISAR",IF(ISNUMBER(M20),N20*PI()*(O20/10)^2/4>=M20,TRUE),IF(ISNUMBER(P20),Q20*PI()*(R20/10)^2/4>=P20,TRUE),IF(ISNUMBER(M20),M20<=0.0163*J20*K20,TRUE),IF(ISNUMBER(P20),P20<=0.0163*J20*K20,TRUE))),"NO VERIFICA FLEX.",IF(NOT(F20<=Datos_vigas!$B$9*(0.53*SQRT(Datos_vigas!$B$5)*J20*K20+2*PI()*(U20/10)^2/4*Datos_vigas!$B$6*K20/V20)),"NO VERIF. CORTE","VERIFICA"))) | Y20: 3.15 | Z20: 4
A21: VF10a | B21: 2.74 | C21: Continua | D21: =1.2*(Datos_vigas!$B$7*J21*L21/10000+Datos_vigas!$B$16*Y21) | F21: =VLOOKUP(C21,Datos_vigas!$A$19:$E$23,4,0)*D21*B21 | G21: =F21 | H21: =VLOOKUP(C21,Datos_vigas!$A$19:$E$23,2,0)*D21*B21^2 | I21: =IF(VLOOKUP(C21,Datos_vigas!$A$19:$E$23,3,0)=0,"---",VLOOKUP(C21,Datos_vigas!$A$19:$E$23,3,0)*D21*B21^2) | J21: 20 | K21: =L21-Z21 | L21: 35 | M21: =IF(NOT(ISNUMBER(H21)),"---",IF(H21<=0,"---",IF(H21*100/(Datos_vigas!$B$8*J21*K21^2*Datos_vigas!$B$5)>=0.5,"REVISAR",MAX((1-SQRT(1-2*H21*100/(Datos_vigas!$B$8*J21*K21^2*Datos_vigas!$B$5)))*J21*K21*Datos_vigas!$B$5/Datos_vigas!$B$6,0.0033*J21*K21)))) | N21: 2 | O21: 12 | P21: =IF(NOT(ISNUMBER(I21)),"---",IF(I21<=0,"---",IF(I21*100/(Datos_vigas!$B$8*J21*K21^2*Datos_vigas!$B$5)>=0.5,"REVISAR",MAX((1-SQRT(1-2*I21*100/(Datos_vigas!$B$8*J21*K21^2*Datos_vigas!$B$5)))*J21*K21*Datos_vigas!$B$5/Datos_vigas!$B$6,0.0033*J21*K21)))) | Q21: 2 | R21: 12 | S21: =F21/(J21*0.85*K21) | T21: =G21/(J21*0.85*K21) | U21: 6 | V21: 15 | W21: =IF(OR(M21="REVISAR",P21="REVISAR"),"SECCION INSUF.",IF(NOT(AND(M21<>"REVISAR",P21<>"REVISAR",IF(ISNUMBER(M21),N21*PI()*(O21/10)^2/4>=M21,TRUE),IF(ISNUMBER(P21),Q21*PI()*(R21/10)^2/4>=P21,TRUE),IF(ISNUMBER(M21),M21<=0.0163*J21*K21,TRUE),IF(ISNUMBER(P21),P21<=0.0163*J21*K21,TRUE))),"NO VERIFICA FLEX.",IF(NOT(F21<=Datos_vigas!$B$9*(0.53*SQRT(Datos_vigas!$B$5)*J21*K21+2*PI()*(U21/10)^2/4*Datos_vigas!$B$6*K21/V21)),"NO VERIF. CORTE","VERIFICA"))) | X21: Longitud total 3.36 m. La luz de calculo es la mayor entre pilotes, deducida de la posicion de los pilotes dibujados en el plano. | Y21: 3.15 | Z21: 4
A22: VF10b | B22: 2.36 | C22: Continua | D22: =1.2*(Datos_vigas!$B$7*J22*L22/10000+Datos_vigas!$B$16*Y22) | F22: =VLOOKUP(C22,Datos_vigas!$A$19:$E$23,4,0)*D22*B22 | G22: =F22 | H22: =VLOOKUP(C22,Datos_vigas!$A$19:$E$23,2,0)*D22*B22^2 | I22: =IF(VLOOKUP(C22,Datos_vigas!$A$19:$E$23,3,0)=0,"---",VLOOKUP(C22,Datos_vigas!$A$19:$E$23,3,0)*D22*B22^2) | J22: 22 | K22: =L22-Z22 | L22: 35 | M22: =IF(NOT(ISNUMBER(H22)),"---",IF(H22<=0,"---",IF(H22*100/(Datos_vigas!$B$8*J22*K22^2*Datos_vigas!$B$5)>=0.5,"REVISAR",MAX((1-SQRT(1-2*H22*100/(Datos_vigas!$B$8*J22*K22^2*Datos_vigas!$B$5)))*J22*K22*Datos_vigas!$B$5/Datos_vigas!$B$6,0.0033*J22*K22)))) | N22: 2 | O22: 12 | P22: =IF(NOT(ISNUMBER(I22)),"---",IF(I22<=0,"---",IF(I22*100/(Datos_vigas!$B$8*J22*K22^2*Datos_vigas!$B$5)>=0.5,"REVISAR",MAX((1-SQRT(1-2*I22*100/(Datos_vigas!$B$8*J22*K22^2*Datos_vigas!$B$5)))*J22*K22*Datos_vigas!$B$5/Datos_vigas!$B$6,0.0033*J22*K22)))) | Q22: 2 | R22: 12 | S22: =F22/(J22*0.85*K22) | T22: =G22/(J22*0.85*K22) | U22: 6 | V22: 15 | W22: =IF(OR(M22="REVISAR",P22="REVISAR"),"SECCION INSUF.",IF(NOT(AND(M22<>"REVISAR",P22<>"REVISAR",IF(ISNUMBER(M22),N22*PI()*(O22/10)^2/4>=M22,TRUE),IF(ISNUMBER(P22),Q22*PI()*(R22/10)^2/4>=P22,TRUE),IF(ISNUMBER(M22),M22<=0.0163*J22*K22,TRUE),IF(ISNUMBER(P22),P22<=0.0163*J22*K22,TRUE))),"NO VERIFICA FLEX.",IF(NOT(F22<=Datos_vigas!$B$9*(0.53*SQRT(Datos_vigas!$B$5)*J22*K22+2*PI()*(U22/10)^2/4*Datos_vigas!$B$6*K22/V22)),"NO VERIF. CORTE","VERIFICA"))) | X22: Longitud total 3.26 m. La luz de calculo es la mayor entre pilotes, deducida de la posicion de los pilotes dibujados en el plano. | Y22: 3.15 | Z22: 4
A23: VF10c | B23: 5.1 | C23: Continua | D23: =1.2*(Datos_vigas!$B$7*J23*L23/10000+Datos_vigas!$B$16*Y23) | F23: =VLOOKUP(C23,Datos_vigas!$A$19:$E$23,4,0)*D23*B23 | G23: =F23 | H23: =VLOOKUP(C23,Datos_vigas!$A$19:$E$23,2,0)*D23*B23^2 | I23: =IF(VLOOKUP(C23,Datos_vigas!$A$19:$E$23,3,0)=0,"---",VLOOKUP(C23,Datos_vigas!$A$19:$E$23,3,0)*D23*B23^2) | J23: 25 | K23: =L23-Z23 | L23: 35 | M23: =IF(NOT(ISNUMBER(H23)),"---",IF(H23<=0,"---",IF(H23*100/(Datos_vigas!$B$8*J23*K23^2*Datos_vigas!$B$5)>=0.5,"REVISAR",MAX((1-SQRT(1-2*H23*100/(Datos_vigas!$B$8*J23*K23^2*Datos_vigas!$B$5)))*J23*K23*Datos_vigas!$B$5/Datos_vigas!$B$6,0.0033*J23*K23)))) | N23: 6 | O23: 8 | P23: =IF(NOT(ISNUMBER(I23)),"---",IF(I23<=0,"---",IF(I23*100/(Datos_vigas!$B$8*J23*K23^2*Datos_vigas!$B$5)>=0.5,"REVISAR",MAX((1-SQRT(1-2*I23*100/(Datos_vigas!$B$8*J23*K23^2*Datos_vigas!$B$5)))*J23*K23*Datos_vigas!$B$5/Datos_vigas!$B$6,0.0033*J23*K23)))) | Q23: 6 | R23: 8 | S23: =F23/(J23*0.85*K23) | T23: =G23/(J23*0.85*K23) | U23: 6 | V23: 15 | W23: =IF(OR(M23="REVISAR",P23="REVISAR"),"SECCION INSUF.",IF(NOT(AND(M23<>"REVISAR",P23<>"REVISAR",IF(ISNUMBER(M23),N23*PI()*(O23/10)^2/4>=M23,TRUE),IF(ISNUMBER(P23),Q23*PI()*(R23/10)^2/4>=P23,TRUE),IF(ISNUMBER(M23),M23<=0.0163*J23*K23,TRUE),IF(ISNUMBER(P23),P23<=0.0163*J23*K23,TRUE))),"NO VERIFICA FLEX.",IF(NOT(F23<=Datos_vigas!$B$9*(0.53*SQRT(Datos_vigas!$B$5)*J23*K23+2*PI()*(U23/10)^2/4*Datos_vigas!$B$6*K23/V23)),"NO VERIF. CORTE","VERIFICA"))) | X23: Longitud total 8.03 m. La luz de calculo es la mayor entre pilotes, deducida de la posicion de los pilotes dibujados en el plano. | Y23: 3.15 | Z23: 4
A24: VF11 | B24: 4.03 | C24: Simplemente apoyada | D24: =1.2*(Datos_vigas!$B$7*J24*L24/10000+Datos_vigas!$B$16*Y24) | F24: =VLOOKUP(C24,Datos_vigas!$A$19:$E$23,4,0)*D24*B24 | G24: =F24 | H24: =VLOOKUP(C24,Datos_vigas!$A$19:$E$23,2,0)*D24*B24^2 | I24: =IF(VLOOKUP(C24,Datos_vigas!$A$19:$E$23,3,0)=0,"---",VLOOKUP(C24,Datos_vigas!$A$19:$E$23,3,0)*D24*B24^2) | J24: 20 | K24: =L24-Z24 | L24: 25 | M24: =IF(NOT(ISNUMBER(H24)),"---",IF(H24<=0,"---",IF(H24*100/(Datos_vigas!$B$8*J24*K24^2*Datos_vigas!$B$5)>=0.5,"REVISAR",MAX((1-SQRT(1-2*H24*100/(Datos_vigas!$B$8*J24*K24^2*Datos_vigas!$B$5)))*J24*K24*Datos_vigas!$B$5/Datos_vigas!$B$6,0.0033*J24*K24)))) | N24: 4 | O24: 10 | P24: =IF(NOT(ISNUMBER(I24)),"---",IF(I24<=0,"---",IF(I24*100/(Datos_vigas!$B$8*J24*K24^2*Datos_vigas!$B$5)>=0.5,"REVISAR",MAX((1-SQRT(1-2*I24*100/(Datos_vigas!$B$8*J24*K24^2*Datos_vigas!$B$5)))*J24*K24*Datos_vigas!$B$5/Datos_vigas!$B$6,0.0033*J24*K24)))) | Q24: --- | R24: --- | S24: =F24/(J24*0.85*K24) | T24: =G24/(J24*0.85*K24) | U24: 6 | V24: 10 | W24: =IF(OR(M24="REVISAR",P24="REVISAR"),"SECCION INSUF.",IF(NOT(AND(M24<>"REVISAR",P24<>"REVISAR",IF(ISNUMBER(M24),N24*PI()*(O24/10)^2/4>=M24,TRUE),IF(ISNUMBER(P24),Q24*PI()*(R24/10)^2/4>=P24,TRUE),IF(ISNUMBER(M24),M24<=0.0163*J24*K24,TRUE),IF(ISNUMBER(P24),P24<=0.0163*J24*K24,TRUE))),"NO VERIFICA FLEX.",IF(NOT(F24<=Datos_vigas!$B$9*(0.53*SQRT(Datos_vigas!$B$5)*J24*K24+2*PI()*(U24/10)^2/4*Datos_vigas!$B$6*K24/V24)),"NO VERIF. CORTE","VERIFICA"))) | X24: Relacion luz/altura alta. En una viga de fundacion enterrada la flecha no suele gobernar, por eso no se la incluye en la verificacion. | Y24: 3.15 | Z24: 4
A25: VF12 | B25: 1.49 | C25: Simplemente apoyada | D25: =1.2*(Datos_vigas!$B$7*J25*L25/10000+Datos_vigas!$B$16*Y25) | F25: =VLOOKUP(C25,Datos_vigas!$A$19:$E$23,4,0)*D25*B25 | G25: =F25 | H25: =VLOOKUP(C25,Datos_vigas!$A$19:$E$23,2,0)*D25*B25^2 | I25: =IF(VLOOKUP(C25,Datos_vigas!$A$19:$E$23,3,0)=0,"---",VLOOKUP(C25,Datos_vigas!$A$19:$E$23,3,0)*D25*B25^2) | J25: 15 | K25: =L25-Z25 | L25: 25 | M25: =IF(NOT(ISNUMBER(H25)),"---",IF(H25<=0,"---",IF(H25*100/(Datos_vigas!$B$8*J25*K25^2*Datos_vigas!$B$5)>=0.5,"REVISAR",MAX((1-SQRT(1-2*H25*100/(Datos_vigas!$B$8*J25*K25^2*Datos_vigas!$B$5)))*J25*K25*Datos_vigas!$B$5/Datos_vigas!$B$6,0.0033*J25*K25)))) | N25: 3 | O25: 8 | P25: =IF(NOT(ISNUMBER(I25)),"---",IF(I25<=0,"---",IF(I25*100/(Datos_vigas!$B$8*J25*K25^2*Datos_vigas!$B$5)>=0.5,"REVISAR",MAX((1-SQRT(1-2*I25*100/(Datos_vigas!$B$8*J25*K25^2*Datos_vigas!$B$5)))*J25*K25*Datos_vigas!$B$5/Datos_vigas!$B$6,0.0033*J25*K25)))) | Q25: --- | R25: --- | S25: =F25/(J25*0.85*K25) | T25: =G25/(J25*0.85*K25) | U25: 6 | V25: 10 | W25: =IF(OR(M25="REVISAR",P25="REVISAR"),"SECCION INSUF.",IF(NOT(AND(M25<>"REVISAR",P25<>"REVISAR",IF(ISNUMBER(M25),N25*PI()*(O25/10)^2/4>=M25,TRUE),IF(ISNUMBER(P25),Q25*PI()*(R25/10)^2/4>=P25,TRUE),IF(ISNUMBER(M25),M25<=0.0163*J25*K25,TRUE),IF(ISNUMBER(P25),P25<=0.0163*J25*K25,TRUE))),"NO VERIFICA FLEX.",IF(NOT(F25<=Datos_vigas!$B$9*(0.53*SQRT(Datos_vigas!$B$5)*J25*K25+2*PI()*(U25/10)^2/4*Datos_vigas!$B$6*K25/V25)),"NO VERIF. CORTE","VERIFICA"))) | Y25: 3.15 | Z25: 4
A26: VF13 | B26: 2.28 | C26: Simplemente apoyada | D26: =1.2*(Datos_vigas!$B$7*J26*L26/10000+Datos_vigas!$B$16*Y26) | F26: =VLOOKUP(C26,Datos_vigas!$A$19:$E$23,4,0)*D26*B26 | G26: =F26 | H26: =VLOOKUP(C26,Datos_vigas!$A$19:$E$23,2,0)*D26*B26^2 | I26: =IF(VLOOKUP(C26,Datos_vigas!$A$19:$E$23,3,0)=0,"---",VLOOKUP(C26,Datos_vigas!$A$19:$E$23,3,0)*D26*B26^2) | J26: 15 | K26: =L26-Z26 | L26: 25 | M26: =IF(NOT(ISNUMBER(H26)),"---",IF(H26<=0,"---",IF(H26*100/(Datos_vigas!$B$8*J26*K26^2*Datos_vigas!$B$5)>=0.5,"REVISAR",MAX((1-SQRT(1-2*H26*100/(Datos_vigas!$B$8*J26*K26^2*Datos_vigas!$B$5)))*J26*K26*Datos_vigas!$B$5/Datos_vigas!$B$6,0.0033*J26*K26)))) | N26: 3 | O26: 8 | P26: =IF(NOT(ISNUMBER(I26)),"---",IF(I26<=0,"---",IF(I26*100/(Datos_vigas!$B$8*J26*K26^2*Datos_vigas!$B$5)>=0.5,"REVISAR",MAX((1-SQRT(1-2*I26*100/(Datos_vigas!$B$8*J26*K26^2*Datos_vigas!$B$5)))*J26*K26*Datos_vigas!$B$5/Datos_vigas!$B$6,0.0033*J26*K26)))) | Q26: --- | R26: --- | S26: =F26/(J26*0.85*K26) | T26: =G26/(J26*0.85*K26) | U26: 6 | V26: 10 | W26: =IF(OR(M26="REVISAR",P26="REVISAR"),"SECCION INSUF.",IF(NOT(AND(M26<>"REVISAR",P26<>"REVISAR",IF(ISNUMBER(M26),N26*PI()*(O26/10)^2/4>=M26,TRUE),IF(ISNUMBER(P26),Q26*PI()*(R26/10)^2/4>=P26,TRUE),IF(ISNUMBER(M26),M26<=0.0163*J26*K26,TRUE),IF(ISNUMBER(P26),P26<=0.0163*J26*K26,TRUE))),"NO VERIFICA FLEX.",IF(NOT(F26<=Datos_vigas!$B$9*(0.53*SQRT(Datos_vigas!$B$5)*J26*K26+2*PI()*(U26/10)^2/4*Datos_vigas!$B$6*K26/V26)),"NO VERIF. CORTE","VERIFICA"))) | Y26: 3.15 | Z26: 4
A27: VF14 | B27: 3.09 | C27: Simplemente apoyada | D27: =1.2*(Datos_vigas!$B$7*J27*L27/10000+Datos_vigas!$B$16*Y27) | F27: =VLOOKUP(C27,Datos_vigas!$A$19:$E$23,4,0)*D27*B27 | G27: =F27 | H27: =VLOOKUP(C27,Datos_vigas!$A$19:$E$23,2,0)*D27*B27^2 | I27: =IF(VLOOKUP(C27,Datos_vigas!$A$19:$E$23,3,0)=0,"---",VLOOKUP(C27,Datos_vigas!$A$19:$E$23,3,0)*D27*B27^2) | J27: 25 | K27: =L27-Z27 | L27: 40 | M27: =IF(NOT(ISNUMBER(H27)),"---",IF(H27<=0,"---",IF(H27*100/(Datos_vigas!$B$8*J27*K27^2*Datos_vigas!$B$5)>=0.5,"REVISAR",MAX((1-SQRT(1-2*H27*100/(Datos_vigas!$B$8*J27*K27^2*Datos_vigas!$B$5)))*J27*K27*Datos_vigas!$B$5/Datos_vigas!$B$6,0.0033*J27*K27)))) | N27: 6 | O27: 8 | P27: =IF(NOT(ISNUMBER(I27)),"---",IF(I27<=0,"---",IF(I27*100/(Datos_vigas!$B$8*J27*K27^2*Datos_vigas!$B$5)>=0.5,"REVISAR",MAX((1-SQRT(1-2*I27*100/(Datos_vigas!$B$8*J27*K27^2*Datos_vigas!$B$5)))*J27*K27*Datos_vigas!$B$5/Datos_vigas!$B$6,0.0033*J27*K27)))) | Q27: --- | R27: --- | S27: =F27/(J27*0.85*K27) | T27: =G27/(J27*0.85*K27) | U27: 6 | V27: 15 | W27: =IF(OR(M27="REVISAR",P27="REVISAR"),"SECCION INSUF.",IF(NOT(AND(M27<>"REVISAR",P27<>"REVISAR",IF(ISNUMBER(M27),N27*PI()*(O27/10)^2/4>=M27,TRUE),IF(ISNUMBER(P27),Q27*PI()*(R27/10)^2/4>=P27,TRUE),IF(ISNUMBER(M27),M27<=0.0163*J27*K27,TRUE),IF(ISNUMBER(P27),P27<=0.0163*J27*K27,TRUE))),"NO VERIFICA FLEX.",IF(NOT(F27<=Datos_vigas!$B$9*(0.53*SQRT(Datos_vigas!$B$5)*J27*K27+2*PI()*(U27/10)^2/4*Datos_vigas!$B$6*K27/V27)),"NO VERIF. CORTE","VERIFICA"))) | X27: Longitud total 8.75 m. La luz de calculo es la mayor entre pilotes, deducida de la posicion de los pilotes dibujados en el plano. | Y27: 3.15 | Z27: 4
A28: VF15 | B28: 2.39 | C28: Simplemente apoyada | D28: =1.2*(Datos_vigas!$B$7*J28*L28/10000+Datos_vigas!$B$16*Y28) | F28: =VLOOKUP(C28,Datos_vigas!$A$19:$E$23,4,0)*D28*B28 | G28: =F28 | H28: =VLOOKUP(C28,Datos_vigas!$A$19:$E$23,2,0)*D28*B28^2 | I28: =IF(VLOOKUP(C28,Datos_vigas!$A$19:$E$23,3,0)=0,"---",VLOOKUP(C28,Datos_vigas!$A$19:$E$23,3,0)*D28*B28^2) | J28: 20 | K28: =L28-Z28 | L28: 25 | M28: =IF(NOT(ISNUMBER(H28)),"---",IF(H28<=0,"---",IF(H28*100/(Datos_vigas!$B$8*J28*K28^2*Datos_vigas!$B$5)>=0.5,"REVISAR",MAX((1-SQRT(1-2*H28*100/(Datos_vigas!$B$8*J28*K28^2*Datos_vigas!$B$5)))*J28*K28*Datos_vigas!$B$5/Datos_vigas!$B$6,0.0033*J28*K28)))) | N28: 5 | O28: 6 | P28: =IF(NOT(ISNUMBER(I28)),"---",IF(I28<=0,"---",IF(I28*100/(Datos_vigas!$B$8*J28*K28^2*Datos_vigas!$B$5)>=0.5,"REVISAR",MAX((1-SQRT(1-2*I28*100/(Datos_vigas!$B$8*J28*K28^2*Datos_vigas!$B$5)))*J28*K28*Datos_vigas!$B$5/Datos_vigas!$B$6,0.0033*J28*K28)))) | Q28: --- | R28: --- | S28: =F28/(J28*0.85*K28) | T28: =G28/(J28*0.85*K28) | U28: 6 | V28: 10 | W28: =IF(OR(M28="REVISAR",P28="REVISAR"),"SECCION INSUF.",IF(NOT(AND(M28<>"REVISAR",P28<>"REVISAR",IF(ISNUMBER(M28),N28*PI()*(O28/10)^2/4>=M28,TRUE),IF(ISNUMBER(P28),Q28*PI()*(R28/10)^2/4>=P28,TRUE),IF(ISNUMBER(M28),M28<=0.0163*J28*K28,TRUE),IF(ISNUMBER(P28),P28<=0.0163*J28*K28,TRUE))),"NO VERIFICA FLEX.",IF(NOT(F28<=Datos_vigas!$B$9*(0.53*SQRT(Datos_vigas!$B$5)*J28*K28+2*PI()*(U28/10)^2/4*Datos_vigas!$B$6*K28/V28)),"NO VERIF. CORTE","VERIFICA"))) | Y28: 3.15 | Z28: 4
A29: VF16a | B29: 4.47 | C29: Continua | D29: =1.2*(Datos_vigas!$B$7*J29*L29/10000+Datos_vigas!$B$16*Y29) | F29: =VLOOKUP(C29,Datos_vigas!$A$19:$E$23,4,0)*D29*B29 | G29: =F29 | H29: =VLOOKUP(C29,Datos_vigas!$A$19:$E$23,2,0)*D29*B29^2 | I29: =IF(VLOOKUP(C29,Datos_vigas!$A$19:$E$23,3,0)=0,"---",VLOOKUP(C29,Datos_vigas!$A$19:$E$23,3,0)*D29*B29^2) | J29: 20 | K29: =L29-Z29 | L29: 25 | M29: =IF(NOT(ISNUMBER(H29)),"---",IF(H29<=0,"---",IF(H29*100/(Datos_vigas!$B$8*J29*K29^2*Datos_vigas!$B$5)>=0.5,"REVISAR",MAX((1-SQRT(1-2*H29*100/(Datos_vigas!$B$8*J29*K29^2*Datos_vigas!$B$5)))*J29*K29*Datos_vigas!$B$5/Datos_vigas!$B$6,0.0033*J29*K29)))) | N29: 4 | O29: 8 | P29: =IF(NOT(ISNUMBER(I29)),"---",IF(I29<=0,"---",IF(I29*100/(Datos_vigas!$B$8*J29*K29^2*Datos_vigas!$B$5)>=0.5,"REVISAR",MAX((1-SQRT(1-2*I29*100/(Datos_vigas!$B$8*J29*K29^2*Datos_vigas!$B$5)))*J29*K29*Datos_vigas!$B$5/Datos_vigas!$B$6,0.0033*J29*K29)))) | Q29: 4 | R29: 10 | S29: =F29/(J29*0.85*K29) | T29: =G29/(J29*0.85*K29) | U29: 6 | V29: 10 | W29: =IF(OR(M29="REVISAR",P29="REVISAR"),"SECCION INSUF.",IF(NOT(AND(M29<>"REVISAR",P29<>"REVISAR",IF(ISNUMBER(M29),N29*PI()*(O29/10)^2/4>=M29,TRUE),IF(ISNUMBER(P29),Q29*PI()*(R29/10)^2/4>=P29,TRUE),IF(ISNUMBER(M29),M29<=0.0163*J29*K29,TRUE),IF(ISNUMBER(P29),P29<=0.0163*J29*K29,TRUE))),"NO VERIFICA FLEX.",IF(NOT(F29<=Datos_vigas!$B$9*(0.53*SQRT(Datos_vigas!$B$5)*J29*K29+2*PI()*(U29/10)^2/4*Datos_vigas!$B$6*K29/V29)),"NO VERIF. CORTE","VERIFICA"))) | X29: Longitud total 6.96 m. La luz de calculo es la mayor entre pilotes, deducida de la posicion de los pilotes dibujados en el plano. | Y29: 3.15 | Z29: 4
A30: VF16b | B30: 3.13 | C30: Continua | D30: =1.2*(Datos_vigas!$B$7*J30*L30/10000+Datos_vigas!$B$16*Y30) | F30: =VLOOKUP(C30,Datos_vigas!$A$19:$E$23,4,0)*D30*B30 | G30: =F30 | H30: =VLOOKUP(C30,Datos_vigas!$A$19:$E$23,2,0)*D30*B30^2 | I30: =IF(VLOOKUP(C30,Datos_vigas!$A$19:$E$23,3,0)=0,"---",VLOOKUP(C30,Datos_vigas!$A$19:$E$23,3,0)*D30*B30^2) | J30: 20 | K30: =L30-Z30 | L30: 35 | M30: =IF(NOT(ISNUMBER(H30)),"---",IF(H30<=0,"---",IF(H30*100/(Datos_vigas!$B$8*J30*K30^2*Datos_vigas!$B$5)>=0.5,"REVISAR",MAX((1-SQRT(1-2*H30*100/(Datos_vigas!$B$8*J30*K30^2*Datos_vigas!$B$5)))*J30*K30*Datos_vigas!$B$5/Datos_vigas!$B$6,0.0033*J30*K30)))) | N30: 2 | O30: 12 | P30: =IF(NOT(ISNUMBER(I30)),"---",IF(I30<=0,"---",IF(I30*100/(Datos_vigas!$B$8*J30*K30^2*Datos_vigas!$B$5)>=0.5,"REVISAR",MAX((1-SQRT(1-2*I30*100/(Datos_vigas!$B$8*J30*K30^2*Datos_vigas!$B$5)))*J30*K30*Datos_vigas!$B$5/Datos_vigas!$B$6,0.0033*J30*K30)))) | Q30: 2 | R30: 12 | S30: =F30/(J30*0.85*K30) | T30: =G30/(J30*0.85*K30) | U30: 6 | V30: 15 | W30: =IF(OR(M30="REVISAR",P30="REVISAR"),"SECCION INSUF.",IF(NOT(AND(M30<>"REVISAR",P30<>"REVISAR",IF(ISNUMBER(M30),N30*PI()*(O30/10)^2/4>=M30,TRUE),IF(ISNUMBER(P30),Q30*PI()*(R30/10)^2/4>=P30,TRUE),IF(ISNUMBER(M30),M30<=0.0163*J30*K30,TRUE),IF(ISNUMBER(P30),P30<=0.0163*J30*K30,TRUE))),"NO VERIFICA FLEX.",IF(NOT(F30<=Datos_vigas!$B$9*(0.53*SQRT(Datos_vigas!$B$5)*J30*K30+2*PI()*(U30/10)^2/4*Datos_vigas!$B$6*K30/V30)),"NO VERIF. CORTE","VERIFICA"))) | Y30: 3.15 | Z30: 4
A31: VF17 | B31: 3.53 | C31: Simplemente apoyada | D31: =1.2*(Datos_vigas!$B$7*J31*L31/10000+Datos_vigas!$B$16*Y31) | F31: =VLOOKUP(C31,Datos_vigas!$A$19:$E$23,4,0)*D31*B31 | G31: =F31 | H31: =VLOOKUP(C31,Datos_vigas!$A$19:$E$23,2,0)*D31*B31^2 | I31: =IF(VLOOKUP(C31,Datos_vigas!$A$19:$E$23,3,0)=0,"---",VLOOKUP(C31,Datos_vigas!$A$19:$E$23,3,0)*D31*B31^2) | J31: 20 | K31: =L31-Z31 | L31: 25 | M31: =IF(NOT(ISNUMBER(H31)),"---",IF(H31<=0,"---",IF(H31*100/(Datos_vigas!$B$8*J31*K31^2*Datos_vigas!$B$5)>=0.5,"REVISAR",MAX((1-SQRT(1-2*H31*100/(Datos_vigas!$B$8*J31*K31^2*Datos_vigas!$B$5)))*J31*K31*Datos_vigas!$B$5/Datos_vigas!$B$6,0.0033*J31*K31)))) | N31: 2 | O31: 12 | P31: =IF(NOT(ISNUMBER(I31)),"---",IF(I31<=0,"---",IF(I31*100/(Datos_vigas!$B$8*J31*K31^2*Datos_vigas!$B$5)>=0.5,"REVISAR",MAX((1-SQRT(1-2*I31*100/(Datos_vigas!$B$8*J31*K31^2*Datos_vigas!$B$5)))*J31*K31*Datos_vigas!$B$5/Datos_vigas!$B$6,0.0033*J31*K31)))) | Q31: --- | R31: --- | S31: =F31/(J31*0.85*K31) | T31: =G31/(J31*0.85*K31) | U31: 6 | V31: 10 | W31: =IF(OR(M31="REVISAR",P31="REVISAR"),"SECCION INSUF.",IF(NOT(AND(M31<>"REVISAR",P31<>"REVISAR",IF(ISNUMBER(M31),N31*PI()*(O31/10)^2/4>=M31,TRUE),IF(ISNUMBER(P31),Q31*PI()*(R31/10)^2/4>=P31,TRUE),IF(ISNUMBER(M31),M31<=0.0163*J31*K31,TRUE),IF(ISNUMBER(P31),P31<=0.0163*J31*K31,TRUE))),"NO VERIFICA FLEX.",IF(NOT(F31<=Datos_vigas!$B$9*(0.53*SQRT(Datos_vigas!$B$5)*J31*K31+2*PI()*(U31/10)^2/4*Datos_vigas!$B$6*K31/V31)),"NO VERIF. CORTE","VERIFICA"))) | Y31: 3.15 | Z31: 4
A32: VF18a | B32: 5.5 | C32: Continua | D32: =1.2*(Datos_vigas!$B$7*J32*L32/10000+Datos_vigas!$B$16*Y32) | F32: =VLOOKUP(C32,Datos_vigas!$A$19:$E$23,4,0)*D32*B32 | G32: =F32 | H32: =VLOOKUP(C32,Datos_vigas!$A$19:$E$23,2,0)*D32*B32^2 | I32: =IF(VLOOKUP(C32,Datos_vigas!$A$19:$E$23,3,0)=0,"---",VLOOKUP(C32,Datos_vigas!$A$19:$E$23,3,0)*D32*B32^2) | J32: 25 | K32: =L32-Z32 | L32: 35 | M32: =IF(NOT(ISNUMBER(H32)),"---",IF(H32<=0,"---",IF(H32*100/(Datos_vigas!$B$8*J32*K32^2*Datos_vigas!$B$5)>=0.5,"REVISAR",MAX((1-SQRT(1-2*H32*100/(Datos_vigas!$B$8*J32*K32^2*Datos_vigas!$B$5)))*J32*K32*Datos_vigas!$B$5/Datos_vigas!$B$6,0.0033*J32*K32)))) | N32: 6 | O32: 8 | P32: =IF(NOT(ISNUMBER(I32)),"---",IF(I32<=0,"---",IF(I32*100/(Datos_vigas!$B$8*J32*K32^2*Datos_vigas!$B$5)>=0.5,"REVISAR",MAX((1-SQRT(1-2*I32*100/(Datos_vigas!$B$8*J32*K32^2*Datos_vigas!$B$5)))*J32*K32*Datos_vigas!$B$5/Datos_vigas!$B$6,0.0033*J32*K32)))) | Q32: 3 | R32: 12 | S32: =F32/(J32*0.85*K32) | T32: =G32/(J32*0.85*K32) | U32: 6 | V32: 15 | W32: =IF(OR(M32="REVISAR",P32="REVISAR"),"SECCION INSUF.",IF(NOT(AND(M32<>"REVISAR",P32<>"REVISAR",IF(ISNUMBER(M32),N32*PI()*(O32/10)^2/4>=M32,TRUE),IF(ISNUMBER(P32),Q32*PI()*(R32/10)^2/4>=P32,TRUE),IF(ISNUMBER(M32),M32<=0.0163*J32*K32,TRUE),IF(ISNUMBER(P32),P32<=0.0163*J32*K32,TRUE))),"NO VERIFICA FLEX.",IF(NOT(F32<=Datos_vigas!$B$9*(0.53*SQRT(Datos_vigas!$B$5)*J32*K32+2*PI()*(U32/10)^2/4*Datos_vigas!$B$6*K32/V32)),"NO VERIF. CORTE","VERIFICA"))) | X32: Longitud total 7.48 m. La luz de calculo es la mayor entre pilotes, deducida de la posicion de los pilotes dibujados en el plano. | Y32: 3.15 | Z32: 4
A33: VF18b | B33: 3.05 | C33: Continua | D33: =1.2*(Datos_vigas!$B$7*J33*L33/10000+Datos_vigas!$B$16*Y33) | F33: =VLOOKUP(C33,Datos_vigas!$A$19:$E$23,4,0)*D33*B33 | G33: =F33 | H33: =VLOOKUP(C33,Datos_vigas!$A$19:$E$23,2,0)*D33*B33^2 | I33: =IF(VLOOKUP(C33,Datos_vigas!$A$19:$E$23,3,0)=0,"---",VLOOKUP(C33,Datos_vigas!$A$19:$E$23,3,0)*D33*B33^2) | J33: 25 | K33: =L33-Z33 | L33: 25 | M33: =IF(NOT(ISNUMBER(H33)),"---",IF(H33<=0,"---",IF(H33*100/(Datos_vigas!$B$8*J33*K33^2*Datos_vigas!$B$5)>=0.5,"REVISAR",MAX((1-SQRT(1-2*H33*100/(Datos_vigas!$B$8*J33*K33^2*Datos_vigas!$B$5)))*J33*K33*Datos_vigas!$B$5/Datos_vigas!$B$6,0.0033*J33*K33)))) | N33: 4 | O33: 8 | P33: =IF(NOT(ISNUMBER(I33)),"---",IF(I33<=0,"---",IF(I33*100/(Datos_vigas!$B$8*J33*K33^2*Datos_vigas!$B$5)>=0.5,"REVISAR",MAX((1-SQRT(1-2*I33*100/(Datos_vigas!$B$8*J33*K33^2*Datos_vigas!$B$5)))*J33*K33*Datos_vigas!$B$5/Datos_vigas!$B$6,0.0033*J33*K33)))) | Q33: 4 | R33: 8 | S33: =F33/(J33*0.85*K33) | T33: =G33/(J33*0.85*K33) | U33: 6 | V33: 10 | W33: =IF(OR(M33="REVISAR",P33="REVISAR"),"SECCION INSUF.",IF(NOT(AND(M33<>"REVISAR",P33<>"REVISAR",IF(ISNUMBER(M33),N33*PI()*(O33/10)^2/4>=M33,TRUE),IF(ISNUMBER(P33),Q33*PI()*(R33/10)^2/4>=P33,TRUE),IF(ISNUMBER(M33),M33<=0.0163*J33*K33,TRUE),IF(ISNUMBER(P33),P33<=0.0163*J33*K33,TRUE))),"NO VERIFICA FLEX.",IF(NOT(F33<=Datos_vigas!$B$9*(0.53*SQRT(Datos_vigas!$B$5)*J33*K33+2*PI()*(U33/10)^2/4*Datos_vigas!$B$6*K33/V33)),"NO VERIF. CORTE","VERIFICA"))) | Y33: 3.15 | Z33: 4
A34: VF18c | B34: 4.26 | C34: Continua | D34: =1.2*(Datos_vigas!$B$7*J34*L34/10000+Datos_vigas!$B$16*Y34) | F34: =VLOOKUP(C34,Datos_vigas!$A$19:$E$23,4,0)*D34*B34 | G34: =F34 | H34: =VLOOKUP(C34,Datos_vigas!$A$19:$E$23,2,0)*D34*B34^2 | I34: =IF(VLOOKUP(C34,Datos_vigas!$A$19:$E$23,3,0)=0,"---",VLOOKUP(C34,Datos_vigas!$A$19:$E$23,3,0)*D34*B34^2) | J34: 20 | K34: =L34-Z34 | L34: 35 | M34: =IF(NOT(ISNUMBER(H34)),"---",IF(H34<=0,"---",IF(H34*100/(Datos_vigas!$B$8*J34*K34^2*Datos_vigas!$B$5)>=0.5,"REVISAR",MAX((1-SQRT(1-2*H34*100/(Datos_vigas!$B$8*J34*K34^2*Datos_vigas!$B$5)))*J34*K34*Datos_vigas!$B$5/Datos_vigas!$B$6,0.0033*J34*K34)))) | N34: 2 | O34: 12 | P34: =IF(NOT(ISNUMBER(I34)),"---",IF(I34<=0,"---",IF(I34*100/(Datos_vigas!$B$8*J34*K34^2*Datos_vigas!$B$5)>=0.5,"REVISAR",MAX((1-SQRT(1-2*I34*100/(Datos_vigas!$B$8*J34*K34^2*Datos_vigas!$B$5)))*J34*K34*Datos_vigas!$B$5/Datos_vigas!$B$6,0.0033*J34*K34)))) | Q34: 2 | R34: 12 | S34: =F34/(J34*0.85*K34) | T34: =G34/(J34*0.85*K34) | U34: 6 | V34: 15 | W34: =IF(OR(M34="REVISAR",P34="REVISAR"),"SECCION INSUF.",IF(NOT(AND(M34<>"REVISAR",P34<>"REVISAR",IF(ISNUMBER(M34),N34*PI()*(O34/10)^2/4>=M34,TRUE),IF(ISNUMBER(P34),Q34*PI()*(R34/10)^2/4>=P34,TRUE),IF(ISNUMBER(M34),M34<=0.0163*J34*K34,TRUE),IF(ISNUMBER(P34),P34<=0.0163*J34*K34,TRUE))),"NO VERIFICA FLEX.",IF(NOT(F34<=Datos_vigas!$B$9*(0.53*SQRT(Datos_vigas!$B$5)*J34*K34+2*PI()*(U34/10)^2/4*Datos_vigas!$B$6*K34/V34)),"NO VERIF. CORTE","VERIFICA"))) | X34: Longitud total 4.82 m. La luz de calculo es la mayor entre pilotes, deducida de la posicion de los pilotes dibujados en el plano. | Y34: 3.15 | Z34: 4

Sheet Pilotes y cabezales
A1: PILOTES Y CABEZALES H°A° H-21 ACERO 42/50 TODOS LOS PILOTES Ø30 h = -4,50 m
A2: POSICION | B2: COLUMNA | C2: TIPO | D2: CABEZAL (cm) | G2: CARGA | I2: PILOTES | N2: VERIFICACION | O2: OBSERVACIONES
D3: A | E3: B | F3: h | G3: mayorada (t) | H3: servicio (t) | I3: cantidad | J3: o (cm) | K3: long. (m) | L3: carga c/u (t) | M3: admisible (t)
A4: CB1 | B4: C1 (15x30) | C4: CBZ 01 | D4: 70 | E4: 70 | F4: 65 | G4: 2.49 | H4: =IF(G4="","",G4/1.4) | I4: 1 | J4: 30 | K4: 4.5 | L4: =IF(H4="","",H4/I4) | M4: =Datos_pilotes!$B$4 | N4: =IF(L4="","FALTA CARGA",IF(L4<=M4,"VERIFICA","NO VERIFICA")) | O4: Cantidad de pilotes deducida de la dimension del cabezal: 70x70 cm. Carga tomada de la bajada de la planilla de columnas, que esta incompleta: el valor real es mayor.
A5: CB2 | B5: C2 (15x30) | C5: CBZ 01 | D5: 70 | E5: 70 | F5: 65 | G5: 29.46 | H5: =IF(G5="","",G5/1.4) | I5: 1 | J5: 30 | K5: 4.5 | L5: =IF(H5="","",H5/I5) | M5: =Datos_pilotes!$B$4 | N5: =IF(L5="","FALTA CARGA",IF(L5<=M5,"VERIFICA","NO VERIFICA")) | O5: Cantidad de pilotes deducida de la dimension del cabezal: 70x70 cm. Carga tomada de la bajada de la planilla de columnas, que esta incompleta: el valor real es mayor.
A6: CB3 | B6: C5 (15x30) | C6: CBZ 01 | D6: 70 | E6: 70 | F6: 65 | G6: 15.96 | H6: =IF(G6="","",G6/1.4) | I6: 1 | J6: 30 | K6: 4.5 | L6: =IF(H6="","",H6/I6) | M6: =Datos_pilotes!$B$4 | N6: =IF(L6="","FALTA CARGA",IF(L6<=M6,"VERIFICA","NO VERIFICA")) | O6: Cantidad de pilotes deducida de la dimension del cabezal: 70x70 cm. Carga tomada de la bajada de la planilla de columnas, que esta incompleta: el valor real es mayor.
A7: CB4 | B7: C3 (30x15) | C7: CBZ 01 | D7: 70 | E7: 70 | F7: 65 | G7: 10.6 | H7: =IF(G7="","",G7/1.4) | I7: 1 | J7: 30 | K7: 4.5 | L7: =IF(H7="","",H7/I7) | M7: =Datos_pilotes!$B$4 | N7: =IF(L7="","FALTA CARGA",IF(L7<=M7,"VERIFICA","NO VERIFICA")) | O7: Cantidad de pilotes deducida de la dimension del cabezal: 70x70 cm. Carga tomada de la bajada de la planilla de columnas, que esta incompleta: el valor real es mayor.
A8: CB5 | B8: C4 (10x10) | C8: CBZ 01 | D8: 70 | E8: 70 | F8: 65 | G8: 10.28 | H8: =IF(G8="","",G8/1.4) | I8: 1 | J8: 30 | K8: 4.5 | L8: =IF(H8="","",H8/I8) | M8: =Datos_pilotes!$B$4 | N8: =IF(L8="","FALTA CARGA",IF(L8<=M8,"VERIFICA","NO VERIFICA")) | O8: Cantidad de pilotes deducida de la dimension del cabezal: 70x70 cm. Carga tomada de la bajada de la planilla de columnas, que esta incompleta: el valor real es mayor.
A9: CB6 | B9: C6 (20x20) | C9: CBZ 03 | D9: 144 | E9: 70 | F9: 70 | G9: 32.1 | H9: =IF(G9="","",G9/1.4) | I9: 2 | J9: 30 | K9: 4.5 | L9: =IF(H9="","",H9/I9) | M9: =Datos_pilotes!$B$4 | N9: =IF(L9="","FALTA CARGA",IF(L9<=M9,"VERIFICA","NO VERIFICA")) | O9: Cantidad de pilotes deducida de la dimension del cabezal: 144x70 cm. Carga tomada de la bajada de la planilla de columnas, que esta incompleta: el valor real es mayor.
A10: CB7 | B10: C7 (30x15) | C10: CBZ 02 | D10: 129 | E10: 70 | F10: 70 | G10: 37.78 | H10: =IF(G10="","",G10/1.4) | I10: 2 | J10: 30 | K10: 4.5 | L10: =IF(H10="","",H10/I10) | M10: =Datos_pilotes!$B$4 | N10: =IF(L10="","FALTA CARGA",IF(L10<=M10,"VERIFICA","NO VERIFICA")) | O10: Cantidad de pilotes deducida de la dimension del cabezal: 129x70 cm. El computo metrico declara un solo CBZ02 y en el plano aparecen dos rotulos. Verificar cual corresponde. Carga tomada de la bajada de la planilla de columnas, que esta incompleta: el valor real es mayor.
A11: CB8 | B11: C9 (15x30) | C11: CBZ 03 | D11: 144 | E11: 70 | F11: 70 | G11: 54.93 | H11: =IF(G11="","",G11/1.4) | I11: 2 | J11: 30 | K11: 4.5 | L11: =IF(H11="","",H11/I11) | M11: =Datos_pilotes!$B$4 | N11: =IF(L11="","FALTA CARGA",IF(L11<=M11,"VERIFICA","NO VERIFICA")) | O11: Cantidad de pilotes deducida de la dimension del cabezal: 144x70 cm. Carga tomada de la bajada de la planilla de columnas, que esta incompleta: el valor real es mayor.
A12: CB9 | B12: C8 (15x30) | C12: CBZ 02 | D12: 129 | E12: 70 | F12: 70 | G12: 42.67 | H12: =IF(G12="","",G12/1.4) | I12: 2 | J12: 30 | K12: 4.5 | L12: =IF(H12="","",H12/I12) | M12: =Datos_pilotes!$B$4 | N12: =IF(L12="","FALTA CARGA",IF(L12<=M12,"VERIFICA","NO VERIFICA")) | O12: Cantidad de pilotes deducida de la dimension del cabezal: 129x70 cm. El computo metrico declara un solo CBZ02 y en el plano aparecen dos rotulos. Verificar cual corresponde. Carga tomada de la bajada de la planilla de columnas, que esta incompleta: el valor real es mayor.
A14: Los 33 pilotes del plano: 13 bajo cabezales de columna (los de esta tabla) y 20 repartidos bajo las vigas de fundacion.

Sheet Tabiques
A1: TABIQUES H°A° H-21 ACERO III espesor 12 cm
A2: NIVEL | B2: POSICION | C2: CARGA (t) | D2: ALTURA (m) | E2: DIMENSIONES (cm) | G2: ARMADURA VERTICAL | J2: ARMADURA HORIZONTAL | M2: VERIFICACION | Q2: OBSERVACIONES
E3: A | F3: B | G3: cm2 | H3: o | I3: separacion | J3: cm2 | K3: o | L3: separacion | M3: area (cm2) | N3: sigma (kg/cm2) | O3: fi Pn (t) | P3: resultado
A4: PB | B4: T1 | C4: 9 | D4: 3.15 | E4: 365 | F4: 87 | G4: =2*(100/I4)*PI()*(H4/10)^2/4 | H4: 8 | I4: 20 | J4: =(100/L4)*PI()*(K4/10)^2/4 | K4: 8 | L4: 20 | M4: =IF(F4<=12,E4*F4,(E4+F4-12)*12) | N4: =IF(C4="","",C4*1000/M4) | O4: =0.55*0.65*Datos_vigas!$B$5*M4*MAX(0,1-(D4*100/(32*12))^2)/1000 | P4: =IF(C4="","FALTA CARGA",IF(C4<=O4,"VERIFICA","NO VERIFICA"))
B5: T2 | C5: 6 | D5: 3.15 | E5: 420 | F5: 85 | G5: =2*(100/I5)*PI()*(H5/10)^2/4 | H5: 8 | I5: 20 | J5: =(100/L5)*PI()*(K5/10)^2/4 | K5: 8 | L5: 20 | M5: =IF(F5<=12,E5*F5,(E5+F5-12)*12) | N5: =IF(C5="","",C5*1000/M5) | O5: =0.55*0.65*Datos_vigas!$B$5*M5*MAX(0,1-(D5*100/(32*12))^2)/1000 | P5: =IF(C5="","FALTA CARGA",IF(C5<=O5,"VERIFICA","NO VERIFICA"))
B6: T3 | C6: 5 | D6: 3.15 | E6: 80 | F6: 12 | G6: =2*(100/I6)*PI()*(H6/10)^2/4 | H6: 8 | I6: 20 | J6: =(100/L6)*PI()*(K6/10)^2/4 | K6: 8 | L6: 20 | M6: =IF(F6<=12,E6*F6,(E6+F6-12)*12) | N6: =IF(C6="","",C6*1000/M6) | O6: =0.55*0.65*Datos_vigas!$B$5*M6*MAX(0,1-(D6*100/(32*12))^2)/1000 | P6: =IF(C6="","FALTA CARGA",IF(C6<=O6,"VERIFICA","NO VERIFICA")) | Q6: Tabique recto: B = 12 cm es el espesor.
B7: T4 | C7: 5 | D7: 3.15 | E7: 355 | F7: 12 | G7: =2*(100/I7)*PI()*(H7/10)^2/4 | H7: 8 | I7: 20 | J7: =(100/L7)*PI()*(K7/10)^2/4 | K7: 8 | L7: 20 | M7: =IF(F7<=12,E7*F7,(E7+F7-12)*12) | N7: =IF(C7="","",C7*1000/M7) | O7: =0.55*0.65*Datos_vigas!$B$5*M7*MAX(0,1-(D7*100/(32*12))^2)/1000 | P7: =IF(C7="","FALTA CARGA",IF(C7<=O7,"VERIFICA","NO VERIFICA")) | Q7: Tabique recto: B = 12 cm es el espesor.
B8: T5 | C8: 11 | D8: 3.15 | E8: 400 | F8: 300 | G8: =2*(100/I8)*PI()*(H8/10)^2/4 | H8: 8 | I8: 20 | J8: =(100/L8)*PI()*(K8/10)^2/4 | K8: 8 | L8: 20 | M8: =IF(F8<=12,E8*F8,(E8+F8-12)*12) | N8: =IF(C8="","",C8*1000/M8) | O8: =0.55*0.65*Datos_vigas!$B$5*M8*MAX(0,1-(D8*100/(32*12))^2)/1000 | P8: =IF(C8="","FALTA CARGA",IF(C8<=O8,"VERIFICA","NO VERIFICA")) | Q8: Si corresponde al T05b del plano, recibe el extremo de VI 07c, cuya reaccion da 18,1 t de servicio en mi bajada contra los 11 t de la catedra. Verificar.
B9: T6 | C9: 6 | D9: 3.15 | E9: 270 | F9: 90 | G9: =2*(100/I9)*PI()*(H9/10)^2/4 | H9: 8 | I9: 20 | J9: =(100/L9)*PI()*(K9/10)^2/4 | K9: 8 | L9: 20 | M9: =IF(F9<=12,E9*F9,(E9+F9-12)*12) | N9: =IF(C9="","",C9*1000/M9) | O9: =0.55*0.65*Datos_vigas!$B$5*M9*MAX(0,1-(D9*100/(32*12))^2)/1000 | P9: =IF(C9="","FALTA CARGA",IF(C9<=O9,"VERIFICA","NO VERIFICA"))
B10: T7 | C10: 22.43 | D10: 3.15 | E10: 98 | F10: 12 | G10: =2*(100/I10)*PI()*(H10/10)^2/4 | H10: 8 | I10: 20 | J10: =(100/L10)*PI()*(K10/10)^2/4 | K10: 8 | L10: 20 | M10: =IF(F10<=12,E10*F10,(E10+F10-12)*12) | N10: =IF(C10="","",C10*1000/M10) | O10: =0.55*0.65*Datos_vigas!$B$5*M10*MAX(0,1-(D10*100/(32*12))^2)/1000 | P10: =IF(C10="","FALTA CARGA",IF(C10<=O10,"VERIFICA","NO VERIFICA")) | Q10: Recibe los extremos de VI 02 (21,12 t) y de VI 17 (1,31 t). Cargas MAYORADAS, no comparables sin mas con las de T1 a T6. Es el tabique mas exigido del conjunto.
B11: T8 | C11: 13.78 | D11: 3.15 | E11: 290 | F11: 12 | G11: =2*(100/I11)*PI()*(H11/10)^2/4 | H11: 8 | I11: 20 | J11: =(100/L11)*PI()*(K11/10)^2/4 | K11: 8 | L11: 20 | M11: =IF(F11<=12,E11*F11,(E11+F11-12)*12) | N11: =IF(C11="","",C11*1000/M11) | O11: =0.55*0.65*Datos_vigas!$B$5*M11*MAX(0,1-(D11*100/(32*12))^2)/1000 | P11: =IF(C11="","FALTA CARGA",IF(C11<=O11,"VERIFICA","NO VERIFICA")) | Q11: Carga tomada de la reaccion de VI 11a en la planilla de vigas, MAYORADA.
A12: PA | B12: T9 | C12: 6.96 | D12: 3.2 | E12: 375 | F12: 12 | G12: =2*(100/I12)*PI()*(H12/10)^2/4 | H12: 8 | I12: 20 | J12: =(100/L12)*PI()*(K12/10)^2/4 | K12: 8 | L12: 20 | M12: =IF(F12<=12,E12*F12,(E12+F12-12)*12) | N12: =IF(C12="","",C12*1000/M12) | O12: =0.55*0.65*Datos_vigas!$B$5*M12*MAX(0,1-(D12*100/(32*12))^2)/1000 | P12: =IF(C12="","FALTA CARGA",IF(C12<=O12,"VERIFICA","NO VERIFICA")) | Q12: Recibe el extremo de VI 14. Carga mayorada.
B13: T10 | C13: 13.38 | D13: 2.6 | E13: 170 | F13: 12 | G13: =2*(100/I13)*PI()*(H13/10)^2/4 | H13: 8 | I13: 20 | J13: =(100/L13)*PI()*(K13/10)^2/4 | K13: 8 | L13: 20 | M13: =IF(F13<=12,E13*F13,(E13+F13-12)*12) | N13: =IF(C13="","",C13*1000/M13) | O13: =0.55*0.65*Datos_vigas!$B$5*M13*MAX(0,1-(D13*100/(32*12))^2)/1000 | P13: =IF(C13="","FALTA CARGA",IF(C13<=O13,"VERIFICA","NO VERIFICA")) | Q13: Recibe el extremo de VI 12. Carga mayorada.
B14: T11 | C14: 5.07 | D14: 2.6 | E14: 28 | F14: 12 | G14: =2*(100/I14)*PI()*(H14/10)^2/4 | H14: 8 | I14: 20 | J14: =(100/L14)*PI()*(K14/10)^2/4 | K14: 8 | L14: 20 | M14: =IF(F14<=12,E14*F14,(E14+F14-12)*12) | N14: =IF(C14="","",C14*1000/M14) | O14: =0.55*0.65*Datos_vigas!$B$5*M14*MAX(0,1-(D14*100/(32*12))^2)/1000 | P14: =IF(C14="","FALTA CARGA",IF(C14<=O14,"VERIFICA","NO VERIFICA")) | Q14: Recibe el extremo de VI 13b sobre solo 28 cm de largo: es el tabique con mayor tension del conjunto.
B15: T12 | C15: 5.62 | D15: 2.6 | E15: 32 | F15: 12 | G15: =2*(100/I15)*PI()*(H15/10)^2/4 | H15: 8 | I15: 20 | J15: =(100/L15)*PI()*(K15/10)^2/4 | K15: 8 | L15: 20 | M15: =IF(F15<=12,E15*F15,(E15+F15-12)*12) | N15: =IF(C15="","",C15*1000/M15) | O15: =0.55*0.65*Datos_vigas!$B$5*M15*MAX(0,1-(D15*100/(32*12))^2)/1000 | P15: =IF(C15="","FALTA CARGA",IF(C15<=O15,"VERIFICA","NO VERIFICA")) | Q15: Recibe el extremo de VI 15b. VI 17 no descarga aqui sino en T07. T12 acompana a VI 17 en toda su longitud por debajo, de modo que esa viga esta mas sostenida de lo que supone el calculo: queda del lado seguro.
B16: T13 | C16: 1.22 | D16: 3.2 | E16: 132 | F16: 12 | G16: =2*(100/I16)*PI()*(H16/10)^2/4 | H16: 8 | I16: 20 | J16: =(100/L16)*PI()*(K16/10)^2/4 | K16: 8 | L16: 20 | M16: =IF(F16<=12,E16*F16,(E16+F16-12)*12) | N16: =IF(C16="","",C16*1000/M16) | O16: =0.55*0.65*Datos_vigas!$B$5*M16*MAX(0,1-(D16*100/(32*12))^2)/1000 | P16: =IF(C16="","FALTA CARGA",IF(C16<=O16,"VERIFICA","NO VERIFICA")) | Q16: No recibe vigas: es la continuidad del tabique T06c de planta baja. La carga indicada es solo su peso propio; lo que baje de arriba se suma a T06c.
A18: T1 a T6: cargas y dimensiones tomadas de la planilla de la catedra. Probablemente sean cargas de servicio; compararlas contra fi Pn, que es resistencia ultima, queda del lado inseguro en torno a un 40 por ciento. Con utilizaciones del 10 al 20 por ciento no cambia ningun veredicto, pero conviene saberlo.
A19: T7 y T8: carga tomada de la reaccion de VI 02 y VI 11a en la planilla de vigas, que son MAYORADAS. El criterio no es el mismo que en T1 a T6.
A20: Direccion de la carga: como todas las vigas son invertidas, sobresalen 70 cm por encima del fondo de losa, mientras que los tabiques de planta alta llegan desde el piso hasta ese fondo. El tabique queda debajo y sostiene a la viga, no al reves.
A21: T9 a T13: dimensiones del computo metrico. Las cargas son las reacciones de las vigas de techo que apoyan en cada uno, aportadas por el proyectista: T9 recibe VI 14, T10 recibe VI 12, T11 recibe VI 13b y T12 recibe VI 17 mas VI 15b. T13 no recibe vigas: continua el tabique T06c de planta baja.
A22: Area: si B es menor o igual al espesor el tabique es recto y el area es A x B; si no, es un tabique en L y el area es (A + B - espesor) x espesor.
A23: fi Pn = 0,55 x 0,65 x f'c x area x [1 - (altura / 32 espesor)^2] muro portante de hormigon armado con reduccion por esbeltez.
A24: Armadura vertical en doble malla y horizontal en malla simple, ambas o8 c/20, iguales a las de la planilla de la catedra.

Sheet Datos_vigas
A1: DATOS DE PARTIDA - HIPOTESIS DE CALCULO
A2: Celdas verdes: editables. La planilla recalcula sola.
A4: MATERIALES | B4: valor | C4: unidad
A5: Hormigon H-21 f'c | B5: 210 | C5: kg/cm2
A6: Acero 42/50 fy | B6: 4200 | C6: kg/cm2
A7: Peso especifico H.A. | B7: 2400 | C7: kg/m3
A8: phi flexion | B8: 0.9 | C8: -
A9: phi corte | B9: 0.75 | C9: -
A10: Coef. mayoracion permanente | B10: 1.2 | C10: -
A11: Coef. mayoracion sobrecarga | B11: 1.6 | C11: -
A13: PAQUETES DE CARGA | B13: g (kg/m2) | C13: q (kg/m2) | D13: h muro (m) | E13: B trib. (m) | F13: composicion
A14: PA | B14: 550 | C14: 200 | D14: 2.6 | E14: 2 | F14: Losa 12 cm 300 + contrapiso 130 + carpeta 42 + piso 50 + cielorraso 20
A15: TECHO | B15: 560 | C15: 100 | D15: 1 | E15: 2 | F15: Losa 12 cm 300 + contrapiso pendiente 140 + carpeta 42 + aislacion 50 + cielorraso 20
A16: Mamposteria sobre viga | B16: 250 | C16: kg/m2 | F16: Ladrillo hueco 18 cm + revoque en ambas caras
A18: COEFICIENTES SEGUN ESQUEMA | B18: M tramo | C18: M apoyo | D18: Reaccion | E18: L/d min
A19: Simplemente apoyada | B19: 0.125 | C19: 0 | D19: 0.5 | E19: 16
A20: Continua | B20: 0.07143 | C20: 0.1 | D20: 0.575 | E20: 21
A21: Empotrada-apoyada | B21: 0.07031 | C21: 0.125 | D21: 0.625 | E21: 18.5
A22: Biempotrada | B22: 0.04167 | C22: 0.08333 | D22: 0.5 | E22: 21
A23: Voladizo | B23: 0 | C23: 0.5 | D23: 1 | E23: 8
A25: p = 1,2 g + 1,6 q | M = coef x p x L2 | R = coef x p x L

Sheet Datos_losas
A1: DATOS DE PARTIDA - LOSAS
A2: Celdas verdes: editables. La planilla recalcula sola.
A4: MATERIALES Y METODO | B4: valor | C4: unidad
A5: Hormigon H-21 f'c | B5: 210 | C5: kg/cm2
A6: Acero 42/50 fy | B6: 4200 | C6: kg/cm2
A7: Tension admisible del acero | B7: 2400 | C7: kg/cm2
A8: Brazo elastico z / h | B8: 0.9 | C8: -
A9: Peso especifico H.A. | B9: 2400 | C9: kg/m3
A10: Recubrimiento | B10: 1.5 | C10: cm
A11: Separacion maxima | B11: 20 | C11: cm
A12: Armadura de reparticion | B12: 0.2 | C12: de la principal
A13: Reparticion minima | B13: 0.3 | C13: cm2/m
A15: CARGAS POR NIVEL | B15: terminaciones (kg/m2) | C15: q (kg/m2) | D15: composicion
A16: S/PB | B16: 242 | C16: 200 | D16: Contrapiso 130 + carpeta 42 + piso 50 + cielorraso 20. q vivienda 200
A17: S/PA | B17: 252 | C17: 100 | D17: Contrapiso pendiente 140 + carpeta 42 + aislacion 50 + cielorraso 20. q azotea 100
A18: El peso propio se suma aparte: 2400 x d / 100
A20: GRADO DE EMPOTRAMIENTO | B20: coef. M | C20: coef. R | D20: esquema
A21: 1/8 | B21: 0.125 | C21: 0.5 | D21: Simplemente apoyada
A22: 1/10 | B22: 0.1 | C22: 0.55 | D22: Continua
A23: 1/12 | B23: 0.0833 | C23: 0.5 | D23: Biempotrada
A24: 1/14 | B24: 0.0714 | C24: 0.575 | D24: Continua
A25: 1/2 | B25: 0.5 | C25: 1 | D25: Voladizo
A27: p = peso propio + terminaciones + q (cargas de servicio)
A28: M = coef x p x L2 R = coef x p x L As = M x 100 / (2400 x 0,9 x h) rep. = As / 5

Sheet Datos_columnas
A1: DATOS DE PARTIDA - COLUMNAS
A3: MATERIALES Y CRITERIOS | B3: valor | C3: unidad
A4: Hormigon H-21 f'c | B4: 210 | C4: kg/cm2
A5: Acero 42/50 fy | B5: 4200 | C5: kg/cm2
A6: Peso especifico H.A. | B6: 2400 | C6: kg/m3
A7: phi compresion (estribos) | B7: 0.65 | C7: -
A8: Cuantia minima | B8: 0.008 | C8: de la seccion
A9: Altura PB | B9: 3.15 | C9: m
A10: Altura PA | B10: 3.22 | C10: m
A12: As = cuantia minima x area phi Pn = 0,65 x 0,80 x [0,85 f'c (Ag - As) + fy As]
A13: Separacion de estribos = min(12 x diam. longitudinal ; 48 x diam. estribo ; lado menor)

Sheet Datos_pilotes
A1: DATOS DE PARTIDA - PILOTES
A3: PARAMETRO | B3: valor | C3: unidad | D3: origen
A4: Carga admisible por pilote | B4: 12 | C4: t | D4: ESTIMADA. Falta el estudio de suelos: cambiar aca y recalcula todo.
A5: Tension admisible del terreno | B5: 2 | C5: kg/cm2 | D5: Dato real, tomado del encabezado del calculo de bases.
A6: Diametro del pilote | B6: 30 | C6: cm | D6: Nota del plano: todos los pilotes son O30.
A7: Profundidad | B7: -4.5 | C7: m | D7: Nota del plano: h = -4,50 m desde la cota +-0,00 de vereda.
A8: Coef. de mayoracion adoptado | B8: 1.4 | C8: - | D8: Para pasar de carga mayorada a carga de servicio.
A10: TIPOS DE PILOTE (nota general del plano: CANTIDAD 33 PILOTES)
A11: tipo | B11: cantidad | C11: cota fundacion | D11: nivel llenado | E11: long. hormigon
A12: Pilote tipo "A" | B12: 8 | C12: -4.5 | D12: -0.4 | E12: 4.1
A13: Pilote tipo "B" | B13: 5 | C13: -4.5 | D13: -0.35 | E13: 4.15
A14: Pilote tipo "C" | B14: 16 | C14: -4.5 | D14: -0.05 | E14: 4.45
A15: Pilote tipo "D" | B15: 4 | C15: -4.5 | D15: -0.1 | E15: 4.4
A17: Los cuatro tipos se funden a -4,50 m; se diferencian en el nivel de llenado de hormigon, o sea en la longitud real del fuste.
A18: El computo metrico declara 32 pilotes: le falta uno. La nota del plano dice 33, que es la cantidad que se detecta en el dibujo.
A20: COMO SE ESTIMO LA CARGA ADMISIBLE
A21: Pilote O30: area de punta 0,0707 m2. Punta 0,0707 x 20 t/m2 = 1,4 t.
A22: Area lateral segun el tipo: 3,86 m2 el A, 3,91 el B, 4,19 el C y 4,15 el D.
A23: Con una adherencia de 2,5 t/m2 la capacidad va de 11,1 t el tipo A a 11,9 t el C:
A24: la diferencia entre tipos es menor al 8 por ciento, por eso se adopta un unico
A25: valor de 12 t para todos, en lugar de uno por tipo.
A27: LECTURA INVERSA, que es la util mientras no haya estudio de suelos:
A28: con las cargas de esta planilla, para que el esquema funcione cada pilote
A29: tiene que admitir del orden de 20 t. Si el estudio de suelos da menos,
A30: faltan pilotes; si da mas, el diseno esta holgado.
... A37: trabajan sobre todo por friccion: son dos cosas distintas.

Sheet Memoria ilum. y vent.
A1: MEMORIA - ILUMINACION Y VENTILACION
A3: CRITERIO | B3: Area de iluminacion requerida = superficie del local / 9
B4: Area de ventilacion requerida = un tercio de la de iluminacion = superficie / 27
B5: Area proyectada: la vidriada de la carpinteria para iluminacion, y la parte que
B6: realmente abre para ventilacion.
A8: RESULTADO | B8: Los trece locales cumplen holgadamente iluminacion y ventilacion.
A10: CORRECCION | B10: Local 07, Hall / ingreso: la planilla original traia 0,66 y 0,22, que son los
B11: valores del local 03 (Lavadero, 6,0 m2). Con sus 3,50 x 2,15 = 7,53 m2 corresponden
B12: 0,84 y 0,28. No cambia el resultado, pero el numero no cerraba con la superficie
B13: declarada y un verificador lo puede observar.
A15: A REVISAR | B15: Local 14, Estar / Playroom: declara 5,00 m2 de ventilacion sobre 5,00 m2 de
B16: iluminacion, es decir una carpinteria enteramente abrible. En los demas locales
B17: la relacion es del 50 por ciento. Conviene verificar la carpinteria real.
B19: Local 02, Deposito: figura sin exigencia por no ser habitable. Son 11,8 m2
B20: cerrados: si se lo considera habitable hay que preverle conducto.
A22: REDONDEOS | B22: Diferencias menores que no afectan: local 03 da 5,95 m2 y figura 6,0;
B23: local 09 da 12,25 y figura 12,3.

Sheet Memoria vigas
A1: MEMORIA DE CALCULO - VIGAS H°A°
A3: NORMATIVA | B3: CIRSOC 201. Hormigon H-21 (f'c 210 kg/cm2). Acero 42/50 (fy 4200 kg/cm2).
A4: UNIDADES | B4: Longitudes en m y cm. Cargas en kg/m. Momentos en kgm. Tensiones en kg/cm2.
A5: DIMENSIONES | B5: b = ancho | h = altura util | d = altura total (igual criterio que la planilla de catedra).
A7: 1. CARGAS
A8: Entrepiso PA | B8: Losa maciza 12 cm 300 + contrapiso 130 + carpeta 42 + piso 50 + cielorraso 20
B9: g = 550 kg/m2 q = 200 kg/m2 (vivienda)
A10: Azotea | B10: Losa 300 + contrapiso de pendiente 140 + carpeta 42 + aislacion y membrana 50 + cielorraso 20
B11: g = 560 kg/m2 q = 100 kg/m2 (cubierta no accesible)
A12: Mamposteria | B12: 250 kg/m2. Altura 2,60 m en PA y 1,00 m de parapeto en azotea.
A13: Peso propio | B13: 2400 kg/m3 x b x d, viga por viga.
A14: Carga de calculo | B14: p = 1,2 (g x B + peso propio + muro) + 1,6 (q x B) B = ancho tributario
A16: 2. SOLICITACIONES | B16: Coeficientes segun esquema (tabla en hoja Datos):
B17: Simplemente apoyada M = pL2/8 R = 0,500 pL
B18: Continua M = pL2/14 Mapoyo = pL2/10 R = 0,575 pL
B19: Empotrada-apoyada M = 9pL2/128 Mapoyo = pL2/8 R = 0,625 pL
B20: Biempotrada M = pL2/24 Mapoyo = pL2/12 R = 0,500 pL
B21: Voladizo Mapoyo = pL2/2 R = 1,000 pL
A23: 3. FLEXION | B23: k = M / (phi b h2 f'c) w = 1 - RAIZ(1 - 2k) As = w b h f'c / fy
B24: As min = 0,0033 b h As max = 0,0163 b h (0,75 de la cuantia balanceada)
B25: Si la armadura no entra en una capa se disponen dos y el recubrimiento pasa a 6 cm.
A27: 4. CORTE | B27: T = R / (b x 0,85 h) tension tangencial en el apoyo
B28: Vc = 0,53 RAIZ(f'c) b h phi Vn = 0,75 (Vc + Av fy h / s) >= R
B29: Av = 2 ramas. Se aumenta el diametro antes que cerrar la separacion por debajo de 10 cm.
A31: 5. FLECHA | B31: Altura minima: simplemente apoyada L/16, un extremo continuo L/18,5,
B32: ambos extremos continuos L/21, voladizo L/8.
A34: 6. VIGAS INVERTIDAS | B34: Las vigas de BORDE son invertidas: sobresalen 70 cm por encima del fondo de
B35: losa (cotas N.F.L +3,50 / N.S.V +4,20 y N.F.L +6,80 / N.S.V +7,50 del plano).
B36: losa. Lo confirman las cotas del plano y el hecho de que el cielorraso sea de
B37: VI 06 mide 14,00 m en total y es el cuarto borde de L07. Sobre su eje hay cuatro
B38: columnas, de modo que trabaja como viga continua de tres tramos de 4,10, 4,32 y
B39: 6,53 m. Se calcula con el mayor, 6,53 m, que es el que gobierna.
B40: hormigon visto: una viga colgante quedaria a la vista. El computo metrico las
B41: agrupa a las 28 bajo el rubro Vigas invertidas 15x70.
B42: Esto define donde la losa aporta ala comprimida:
B43: viga COLGANTE -> la losa esta arriba -> ala util en el TRAMO (momento positivo)
B44: viga INVERTIDA -> la losa esta abajo -> ala util en el APOYO (momento negativo)
B45: En la zona con ala se adopta b efectivo = min(L/4 ; b + 16 hf); en la otra, la
B46: seccion es rectangular de ancho b. Las columnas b ef tramo y b ef apoyo lo muestran.
... B49: de su eje, y quedan sometidas a TORSION. Esta planilla no la verifica.
A51: 7. RESULTADO | B51: 30 vigas: 21 del entrepiso PA y 9 de la losa de techo. 28 verifican.
B52: VI 02 (15x60, 9,88 m): recibe L02 y L03, B = 2,88 m. La armadura de apoyo
B53: necesaria ronda los 25 cm2 y supera la cuantia maxima. Los apoyos estan
B54: confirmados en obra: tabique T07 perpendicular arriba y COL 02 abajo, sin apoyo
B55: intermedio. Para esta carga la seccion necesaria es 15x75.
B56: VCH 03a (40x13, 3,83 m). Recibe L03, B = 2,08 m, y no
B57: verifica: haria falta mas espesor. Tampoco verifica con B = 0,60 m, asi
B58: que el problema no es la hipotesis de carga sino la relacion luz/espesor. Una viga
B59: chata del mismo espesor que la losa no puede ser apoyo lineal de un pano de 4,15 m.
B60: Revisar si tiene un muro debajo que acorte su luz libre.
B61: VCH 03a (40x13, 3,71 m): excede la cuantia maxima y no llega a la altura minima por
B62: flecha. Revisar el ancho tributario: si solo recibe el muro y no losa, baja mucho.
A64: 8. ALCANCE | B64: No se incluyen las 31 vigas de fundacion (VF01 a VF18c): su calculo depende de las
B65: cargas que bajan por las columnas y corresponde hacerlo despues. Tampoco losas ni columnas.
A67: LIMITACIONES | B67: El ancho tributario B esta relevado solo en
B68: VI 02 (0,80 m) y VCH 03a (2,08 m). En las demas sigue adoptado en 2,00 m, a falta
B69: hipotesis mas influyente del calculo: ajustarla viga por viga en la columna B trib.
B70: El esquema se asigno por criterio: continua si integra una serie a-b-c o si supera 5,5 m.
B71: Trabajo academico. Requiere verificacion y firma de profesional matriculado.

Sheet Memoria losas
A1: MEMORIA DE CALCULO - LOSAS
A3: METODO | B3: Tensiones admisibles, igual criterio que la planilla modelo de la catedra.
B4: Se verifico contra la fila de ejemplo: momentos y reacciones coinciden exactamente.
A5: MATERIALES | B5: H-21 (f'c 210 kg/cm2). Acero 42/50 (fy 4200). Tension admisible 2400 kg/cm2.
A6: DIMENSIONES | B6: h = altura util | d = espesor total. Recubrimiento 1,5 cm.
A8: 1. CARGAS | B8: p = peso propio + terminaciones + q (cargas de servicio, sin mayorar)
B9: Peso propio = 2400 x d / 100, calculado con el espesor propio de cada losa.
A10: S/PB | B10: Terminaciones 242 kg/m2 (contrapiso 130 + carpeta 42 + piso 50 + cielorraso 20)
B11: q = 200 kg/m2 (vivienda)
A12: S/PA | B12: Terminaciones 252 kg/m2 (contrapiso pendiente 140 + carpeta 42 + aislacion 50 +
B13: cielorraso 20). q = 100 kg/m2 (azotea no accesible)
A15: 2. SOLICITACIONES | B15: M = coeficiente x p x L2, segun el grado de empotramiento:
B16: 1/8 simplemente apoyada 1/10 y 1/14 continua 1/12 biempotrada 1/2 voladizo
B17: R = coeficiente x p x L. En voladizo Rx = p x L y Ry no corresponde.
A19: 3. ARMADURA | B19: As = M x 100 / (2400 x 0,9 x h) [cm2/m]
B20: separacion = 100 x area de la barra / As, redondeada, con maximo 20 cm
B21: Armadura de reparticion = As / 5, con un minimo de 0,30 cm2/m
A23: 4. ESPESORES | B23: Los espesores d se leyeron del plano: estan escritos debajo del rotulo de cada losa.
B24: S/PB: L01 11 | L02 9 | L03 13 | L04 11 | L05 11 | L06 8 | L07 12 | L08 10
B25: S/PA: L09 13 | L10 12
A27: 5. LUCES | B27: Relevadas en obra y aportadas por el proyectista. Dos losas son voladizo
B28: (L02 de 0,80 m y L08 de 0,75 m) y se calculan con M = p L2 / 2.
A30: 6. LOSAS CRUZADAS | B30: L07 (4,85 x 5,60) y L10 (4,85 x 6,00) apoyan en los cuatro bordes y su relacion
B31: de lados es menor que 2, por lo que trabajan en las dos direcciones.
B32: Se reparte la carga por el metodo de Marcus: kx = ly4 / (lx4 + ly4)
B33: L07: ly/lx = 1,15 -> 64% en la direccion corta, 36% en la larga
B34: L10: ly/lx = 1,24 -> 70% en la direccion corta, 30% en la larga
B35: Cada una ocupa dos renglones, uno por direccion, con la fraccion de carga que
B36: le toca ya aplicada en la columna CARGAS. Las dos armaduras se cruzan en obra:
B37: la de la direccion corta va abajo, la de la larga arriba de aquella.
B38: La columna auxiliar luz transv. es la que dispara el reparto: si se borra, la
B39: fila vuelve a calcularse como losa armada en una direccion.
A41: LIMITACIONES | B41: El grado de empotramiento esta cargado en 1/8 salvo los dos voladizos (1/2). Si
B42: alguna losa es continua sobre una viga corresponde 1/10 o 1/14: corregir en la columna.
B43: El diagrama de cargas es una imagen fija: si cambias el grado, cambialo a mano.
B44: Trabajo academico. Requiere verificacion y firma de profesional matriculado.

Sheet Memoria columnas
A1: MEMORIA DE CALCULO - COLUMNAS
A3: MATERIALES | B3: H-21 (f'c 210 kg/cm2). Acero 42/50 (fy 4200). phi compresion 0,65.
A5: 1. RELEVAMIENTO | B5: Las columnas se identificaron en el plano cruzando el rotulo COL con un rectangulo
B6: de la misma seccion a menos de 26 pt. Resultaron 9 en PB y 4 en PA.
B7: Las 4 de PA caen exactamente sobre C6, C7, C8 y C9 de PB, y ademas tienen la misma
B8: seccion, lo que confirma que la correspondencia entre plantas es correcta.
B9: La C01 de 10x10 esta confirmada por el proyectista aunque el computo metrico no
B10: la incluya en su item 4.1.3: ese computo esta incompleto en ese punto.
A12: 2. ALTURAS | B12: PB 3,15 m y PA 3,22 m, los mismos valores de la planilla de la catedra, coherentes
B13: con los niveles del plano (N.F.L +3,50 del entrepiso y +6,80 del techo).
A15: 3. ARMADURA | B15: As = 0,008 x area (cuantia minima, el mismo criterio de la planilla modelo).
B16: Se adoptan 4 barras del 12 en todas: 4,52 cm2, que cubre la minima en toda seccion.
B17: Separacion de estribos = min(12 x diam. long. ; 48 x diam. estribo ; lado menor),
B18: redondeada hacia abajo a multiplo de 5. Para 4d12 con estribo d6 da 10 cm.
B19: La planilla de la catedra adopta 20 cm: ese valor supera el limite reglamentario.
A21: 4. CAPACIDAD | B21: phi Pn = 0,65 x 0,80 x [0,85 f'c (Ag - As) + fy As] (columna zunchada con estribos)
B22: 15x30 con 4d12 -> 51,2 t 20x20 con 4d12 -> 46,6 t
A24: 5. CARGAS | B24: La columna CARGA (t) viene cargada con una bajada automatica: suma de las
B25: reacciones de las vigas que apoyan en cada columna (tomadas de la planilla de
B26: vigas), mas el peso propio, mas lo que baja de la columna del nivel superior.
B27: ES UNA CARGA PROVISORIA Y ES UN PISO, NO EL VALOR REAL: 20 de los 60 extremos
B28: de viga no pudieron asignarse a ninguna columna porque apoyan en otra viga, en
B29: un tabique o en la medianera, y esas reacciones no estan sumadas.
B30: Para cerrarla hay que indicar, para cada uno de esos 20 extremos, en que apoya.
B31: Mientras tanto la columna es editable: al corregir un valor todo recalcula.
B32: Ademas son cargas MAYORADAS, coherentes con la planilla de vigas. Si la catedra
B33: pide cargas de servicio, dividir por el coeficiente que corresponda.
A35: 6. ESBELTEZ | B35: Todas las columnas son esbeltas: con lado menor de 15 cm y 3,15 m de altura,
B36: k lu / r = 70, muy por encima del limite de 34 por debajo del cual se puede
B37: despreciar el pandeo. En la practica el llenado de mamposteria las arriostra, pero
B38: si la catedra lo pide hay que verificar segundo orden. La planilla lo marca.
A40: 7. LA DE 10x10 | B40: Existe, confirmada por el proyectista, y el computo metrico la omite. Con 10 cm
B41: de lado y 3,15 m de altura su esbeltez es k lu / r = 105, tres veces el limite
B42: por debajo del cual se puede despreciar el pandeo, y su capacidad es de 18,7 t
B43: contra los 51 de una 15x30. Es el punto mas delicado del conjunto: conviene
B44: verificarla a segundo orden en serio, no con la formula de compresion simple.
A46: LIMITACIONES | B46: Trabajo academico. Requiere verificacion y firma de profesional matriculado.
B47: No se verifica flexion compuesta: las columnas de borde reciben momento de las
B48: vigas invertidas y trabajan a flexo-compresion, no a compresion simple.

Sheet Fundacion (inventario)
A1: VIGAS DE FUNDACION - inventario. Calculo pendiente: va despues de columnas.
A3: POSICION | B3: b (cm) | C3: d (cm) | D3: L (cm) | E3: OBSERVACIONES
A4: VF01 (1) | B4: 20 | C4: 35 | D4: 77
A5: VF01 (2) | B5: 20 | C5: 35 | D5: 77
A6: VF01 (3) | B6: 20 | C6: 35 | D6: 77
A7: VF02 | B7: 25 | C7: 35 | D7: 328
A8: VF03 | B8: 22 | C8: 25 | D8: 928
A9: VF04a | C9: 35 | D9: 533 | E9: Ancho cortado en el PDF: confirmar 20 o 22 cm
A10: VF04b | B10: 20 | C10: 25 | D10: 330
A11: VF04c | B11: 20 | C11: 25 | D11: 308
A12: VF05 | B12: 15 | C12: 25 | D12: 226
A13: VF06a | E13: Cota no legible: completar
A14: VF06b | E14: Cota no legible: completar
A15: VF06c | B15: 20 | C15: 25 | D15: 330
A16: VF06d | B16: 22 | C16: 25 | D16: 303
A17: VF07 | B17: 20 | C17: 25 | D17: 350
A18: VF08 | B18: 25 | C18: 35 | D18: 350
A19: VF09 (1) | B19: 20 | C19: 35 | D19: 70
A20: VF09 (2) | B20: 20 | C20: 35 | D20: 70
A21: VF10a | B21: 20 | C21: 35 | D21: 336
A22: VF10b | B22: 22 | C22: 35 | D22: 236
A23: VF10c | B23: 25 | C23: 35 | D23: 803
A24: VF11 | B24: 20 | C24: 25 | D24: 403
A25: VF12 | B25: 15 | C25: 25 | D25: 149
A26: VF13 | E26: Cota no legible: completar
A27: VF14 | B27: 25 | C27: 40 | D27: 875
A28: VF15 | B28: 20 | C28: 25 | D28: 239
A29: VF16a | B29: 20 | C29: 35 | D29: 696
A30: VF16b | B30: 20 | C30: 25 | D30: 313
A31: VF17 | B31: 20 | C31: 25 | D31: 353
A32: VF18a | B32: 25 | C32: 35 | D32: 748
A33: VF18b | B33: 20 | C33: 25 | D33: 305
A34: VF18c | B34: 20 | C34: 35 | D34: 482
A36: Cabezales: CBZ 01 70x70x65 | CBZ 02 129x70x70 | CBZ 03 144x70x70
