Workbook

Sheet Datos
A1: DATOS DE PARTIDA - LOSAS
A2: Celdas verdes: editables. La planilla recalcula sola.
A4: MATERIALES Y METODO | B4: valor | C4: unidad
A5: Hormigon H-21 f'c | B5: 210 | C5: kg/cm2
A6: Acero 42/50 fy | B6: 4200 | C6: kg/cm2
A7: Tension admisible del acero | B7: 2400 | C7: kg/cm2
A8: Brazo elastico z / h | B8: 0.9 | C8: -
A9: Peso especifico H.A. | B9: 2400 | C9: kg/m3
A10: Recubrimiento | B10: 1.5 | C10: cm
A11: Separacion maxima | B11: 20 | C11: cm
A12: Armadura de reparticion | B12: 0.2 | C12: de la principal
A13: Reparticion minima | B13: 0.3 | C13: cm2/m
A15: CARGAS POR NIVEL | B15: terminaciones (kg/m2) | C15: q (kg/m2) | D15: composicion
A16: S/PB | B16: 242 | C16: 200 | D16: Contrapiso 130 + carpeta 42 + piso 50 + cielorraso 20. q vivienda 200
A17: S/PA | B17: 252 | C17: 100 | D17: Contrapiso pendiente 140 + carpeta 42 + aislacion 50 + cielorraso 20. q azotea 100
A18: El peso propio se suma aparte: 2400 x d / 100
A20: GRADO DE EMPOTRAMIENTO | B20: coef. M | C20: coef. R | D20: esquema
A21: 1/8 | B21: 0.125 | C21: 0.5 | D21: Simplemente apoyada
A22: 1/10 | B22: 0.1 | C22: 0.55 | D22: Continua
A23: 1/12 | B23: 0.0833 | C23: 0.5 | D23: Biempotrada
A24: 1/14 | B24: 0.0714 | C24: 0.575 | D24: Continua
A25: 1/2 | B25: 0.5 | C25: 1 | D25: Voladizo
A27: p = peso propio + terminaciones + q (cargas de servicio)
A28: M = coef x p x L2 R = coef x p x L As = M x 100 / (2400 x 0,9 x h) rep. = As / 5

Sheet Planilla losas
A1: LOSAS DE H°A° H-21 ACERO 42/50
A2: NIVEL | B2: POSICION | C2: LUZ (m) | D2: GRADO DE EMPOTRAMIENTO | E2: CARGAS (kg/m) | G2: DIMENSIONES | I2: MOMENTO TRAMO (kgm) | J2: ARMADURA PRINCIPAL | M2: ARMADURA REPARTICION | P2: REACCIONES (kg) | R2: OBSERVACIONES
E3: p | F3: diagrama | G3: h | H3: d | J3: cm2 | K3: o | L3: separ | M3: cm2 | N3: o | O3: separ | P3: Rx | Q3: Ry
A4: S/PB | B4: L01 | D4: 1/8 | E4: =Datos!$B$9*H4/100+VLOOKUP($A$4,Datos!$A$16:$C$17,2,0)+VLOOKUP($A$4,Datos!$A$16:$C$17,3,0) | G4: =H4-Datos!$B$10 | H4: 11 | I4: =IF(C4="","",VLOOKUP(D4,Datos!$A$21:$D$25,2,0)*E4*C4^2) | J4: =IF(I4="","",MAX(I4*100/(Datos!$B$7*Datos!$B$8*G4),Datos!$B$13)) | K4: 12 | L4: =IF(J4="","",MIN(Datos!$B$11,ROUND(100*PI()*(K4/10)^2/4/J4,0))) | M4: =IF(J4="","",MAX(Datos!$B$12*J4,Datos!$B$13)) | N4: 6 | O4: =IF(M4="","",MIN(Datos!$B$11,ROUND(100*PI()*(N4/10)^2/4/M4,0))) | P4: =IF(C4="","",VLOOKUP(D4,Datos!$A$21:$D$25,3,0)*E4*C4) | Q4: =IF(C4="","",IF(VLOOKUP(D4,Datos!$A$21:$D$25,4,0)="Voladizo","---",P4)) | R4: Falta la luz: completar en la columna LUZ y recalcula todo.
B5: L02 | D5: 1/8 | E5: =Datos!$B$9*H5/100+VLOOKUP($A$4,Datos!$A$16:$C$17,2,0)+VLOOKUP($A$4,Datos!$A$16:$C$17,3,0) | G5: =H5-Datos!$B$10 | H5: 9 | I5: =IF(C5="","",VLOOKUP(D5,Datos!$A$21:$D$25,2,0)*E5*C5^2) | J5: =IF(I5="","",MAX(I5*100/(Datos!$B$7*Datos!$B$8*G5),Datos!$B$13)) | K5: 12 | L5: =IF(J5="","",MIN(Datos!$B$11,ROUND(100*PI()*(K5/10)^2/4/J5,0))) | M5: =IF(J5="","",MAX(Datos!$B$12*J5,Datos!$B$13)) | N5: 6 | O5: =IF(M5="","",MIN(Datos!$B$11,ROUND(100*PI()*(N5/10)^2/4/M5,0))) | P5: =IF(C5="","",VLOOKUP(D5,Datos!$A$21:$D$25,3,0)*E5*C5) | Q5: =IF(C5="","",IF(VLOOKUP(D5,Datos!$A$21:$D$25,4,0)="Voladizo","---",P5)) | R5: Falta la luz: completar en la columna LUZ y recalcula todo.
B6: L03 | D6: 1/8 | E6: =Datos!$B$9*H6/100+VLOOKUP($A$4,Datos!$A$16:$C$17,2,0)+VLOOKUP($A$4,Datos!$A$16:$C$17,3,0) | G6: =H6-Datos!$B$10 | H6: 13 | I6: =IF(C6="","",VLOOKUP(D6,Datos!$A$21:$D$25,2,0)*E6*C6^2) | J6: =IF(I6="","",MAX(I6*100/(Datos!$B$7*Datos!$B$8*G6),Datos!$B$13)) | K6: 12 | L6: =IF(J6="","",MIN(Datos!$B$11,ROUND(100*PI()*(K6/10)^2/4/J6,0))) | M6: =IF(J6="","",MAX(Datos!$B$12*J6,Datos!$B$13)) | N6: 6 | O6: =IF(M6="","",MIN(Datos!$B$11,ROUND(100*PI()*(N6/10)^2/4/M6,0))) | P6: =IF(C6="","",VLOOKUP(D6,Datos!$A$21:$D$25,3,0)*E6*C6) | Q6: =IF(C6="","",IF(VLOOKUP(D6,Datos!$A$21:$D$25,4,0)="Voladizo","---",P6)) | R6: Falta la luz: completar en la columna LUZ y recalcula todo.
B7: L04 | D7: 1/8 | E7: =Datos!$B$9*H7/100+VLOOKUP($A$4,Datos!$A$16:$C$17,2,0)+VLOOKUP($A$4,Datos!$A$16:$C$17,3,0) | G7: =H7-Datos!$B$10 | H7: 11 | I7: =IF(C7="","",VLOOKUP(D7,Datos!$A$21:$D$25,2,0)*E7*C7^2) | J7: =IF(I7="","",MAX(I7*100/(Datos!$B$7*Datos!$B$8*G7),Datos!$B$13)) | K7: 12 | L7: =IF(J7="","",MIN(Datos!$B$11,ROUND(100*PI()*(K7/10)^2/4/J7,0))) | M7: =IF(J7="","",MAX(Datos!$B$12*J7,Datos!$B$13)) | N7: 6 | O7: =IF(M7="","",MIN(Datos!$B$11,ROUND(100*PI()*(N7/10)^2/4/M7,0))) | P7: =IF(C7="","",VLOOKUP(D7,Datos!$A$21:$D$25,3,0)*E7*C7) | Q7: =IF(C7="","",IF(VLOOKUP(D7,Datos!$A$21:$D$25,4,0)="Voladizo","---",P7)) | R7: Falta la luz: completar en la columna LUZ y recalcula todo.
B8: L05 | D8: 1/8 | E8: =Datos!$B$9*H8/100+VLOOKUP($A$4,Datos!$A$16:$C$17,2,0)+VLOOKUP($A$4,Datos!$A$16:$C$17,3,0) | G8: =H8-Datos!$B$10 | H8: 11 | I8: =IF(C8="","",VLOOKUP(D8,Datos!$A$21:$D$25,2,0)*E8*C8^2) | J8: =IF(I8="","",MAX(I8*100/(Datos!$B$7*Datos!$B$8*G8),Datos!$B$13)) | K8: 12 | L8: =IF(J8="","",MIN(Datos!$B$11,ROUND(100*PI()*(K8/10)^2/4/J8,0))) | M8: =IF(J8="","",MAX(Datos!$B$12*J8,Datos!$B$13)) | N8: 6 | O8: =IF(M8="","",MIN(Datos!$B$11,ROUND(100*PI()*(N8/10)^2/4/M8,0))) | P8: =IF(C8="","",VLOOKUP(D8,Datos!$A$21:$D$25,3,0)*E8*C8) | Q8: =IF(C8="","",IF(VLOOKUP(D8,Datos!$A$21:$D$25,4,0)="Voladizo","---",P8)) | R8: Falta la luz: completar en la columna LUZ y recalcula todo.
B9: L06 | D9: 1/8 | E9: =Datos!$B$9*H9/100+VLOOKUP($A$4,Datos!$A$16:$C$17,2,0)+VLOOKUP($A$4,Datos!$A$16:$C$17,3,0) | G9: =H9-Datos!$B$10 | H9: 8 | I9: =IF(C9="","",VLOOKUP(D9,Datos!$A$21:$D$25,2,0)*E9*C9^2) | J9: =IF(I9="","",MAX(I9*100/(Datos!$B$7*Datos!$B$8*G9),Datos!$B$13)) | K9: 12 | L9: =IF(J9="","",MIN(Datos!$B$11,ROUND(100*PI()*(K9/10)^2/4/J9,0))) | M9: =IF(J9="","",MAX(Datos!$B$12*J9,Datos!$B$13)) | N9: 6 | O9: =IF(M9="","",MIN(Datos!$B$11,ROUND(100*PI()*(N9/10)^2/4/M9,0))) | P9: =IF(C9="","",VLOOKUP(D9,Datos!$A$21:$D$25,3,0)*E9*C9) | Q9: =IF(C9="","",IF(VLOOKUP(D9,Datos!$A$21:$D$25,4,0)="Voladizo","---",P9)) | R9: Falta la luz: completar en la columna LUZ y recalcula todo.
B10: L07 | D10: 1/8 | E10: =Datos!$B$9*H10/100+VLOOKUP($A$4,Datos!$A$16:$C$17,2,0)+VLOOKUP($A$4,Datos!$A$16:$C$17,3,0) | G10: =H10-Datos!$B$10 | H10: 12 | I10: =IF(C10="","",VLOOKUP(D10,Datos!$A$21:$D$25,2,0)*E10*C10^2) | J10: =IF(I10="","",MAX(I10*100/(Datos!$B$7*Datos!$B$8*G10),Datos!$B$13)) | K10: 12 | L10: =IF(J10="","",MIN(Datos!$B$11,ROUND(100*PI()*(K10/10)^2/4/J10,0))) | M10: =IF(J10="","",MAX(Datos!$B$12*J10,Datos!$B$13)) | N10: 6 | O10: =IF(M10="","",MIN(Datos!$B$11,ROUND(100*PI()*(N10/10)^2/4/M10,0))) | P10: =IF(C10="","",VLOOKUP(D10,Datos!$A$21:$D$25,3,0)*E10*C10) | Q10: =IF(C10="","",IF(VLOOKUP(D10,Datos!$A$21:$D$25,4,0)="Voladizo","---",P10)) | R10: Falta la luz: completar en la columna LUZ y recalcula todo.
B11: L08 | D11: 1/8 | E11: =Datos!$B$9*H11/100+VLOOKUP($A$4,Datos!$A$16:$C$17,2,0)+VLOOKUP($A$4,Datos!$A$16:$C$17,3,0) | G11: =H11-Datos!$B$10 | H11: 10 | I11: =IF(C11="","",VLOOKUP(D11,Datos!$A$21:$D$25,2,0)*E11*C11^2) | J11: =IF(I11="","",MAX(I11*100/(Datos!$B$7*Datos!$B$8*G11),Datos!$B$13)) | K11: 12 | L11: =IF(J11="","",MIN(Datos!$B$11,ROUND(100*PI()*(K11/10)^2/4/J11,0))) | M11: =IF(J11="","",MAX(Datos!$B$12*J11,Datos!$B$13)) | N11: 6 | O11: =IF(M11="","",MIN(Datos!$B$11,ROUND(100*PI()*(N11/10)^2/4/M11,0))) | P11: =IF(C11="","",VLOOKUP(D11,Datos!$A$21:$D$25,3,0)*E11*C11) | Q11: =IF(C11="","",IF(VLOOKUP(D11,Datos!$A$21:$D$25,4,0)="Voladizo","---",P11)) | R11: Falta la luz: completar en la columna LUZ y recalcula todo.
A12: S/PA | B12: L09 | D12: 1/8 | E12: =Datos!$B$9*H12/100+VLOOKUP($A$12,Datos!$A$16:$C$17,2,0)+VLOOKUP($A$12,Datos!$A$16:$C$17,3,0) | G12: =H12-Datos!$B$10 | H12: 13 | I12: =IF(C12="","",VLOOKUP(D12,Datos!$A$21:$D$25,2,0)*E12*C12^2) | J12: =IF(I12="","",MAX(I12*100/(Datos!$B$7*Datos!$B$8*G12),Datos!$B$13)) | K12: 12 | L12: =IF(J12="","",MIN(Datos!$B$11,ROUND(100*PI()*(K12/10)^2/4/J12,0))) | M12: =IF(J12="","",MAX(Datos!$B$12*J12,Datos!$B$13)) | N12: 6 | O12: =IF(M12="","",MIN(Datos!$B$11,ROUND(100*PI()*(N12/10)^2/4/M12,0))) | P12: =IF(C12="","",VLOOKUP(D12,Datos!$A$21:$D$25,3,0)*E12*C12) | Q12: =IF(C12="","",IF(VLOOKUP(D12,Datos!$A$21:$D$25,4,0)="Voladizo","---",P12)) | R12: Falta la luz: completar en la columna LUZ y recalcula todo.
B13: L10 | D13: 1/8 | E13: =Datos!$B$9*H13/100+VLOOKUP($A$12,Datos!$A$16:$C$17,2,0)+VLOOKUP($A$12,Datos!$A$16:$C$17,3,0) | G13: =H13-Datos!$B$10 | H13: 12 | I13: =IF(C13="","",VLOOKUP(D13,Datos!$A$21:$D$25,2,0)*E13*C13^2) | J13: =IF(I13="","",MAX(I13*100/(Datos!$B$7*Datos!$B$8*G13),Datos!$B$13)) | K13: 12 | L13: =IF(J13="","",MIN(Datos!$B$11,ROUND(100*PI()*(K13/10)^2/4/J13,0))) | M13: =IF(J13="","",MAX(Datos!$B$12*J13,Datos!$B$13)) | N13: 6 | O13: =IF(M13="","",MIN(Datos!$B$11,ROUND(100*PI()*(N13/10)^2/4/M13,0))) | P13: =IF(C13="","",VLOOKUP(D13,Datos!$A$21:$D$25,3,0)*E13*C13) | Q13: =IF(C13="","",IF(VLOOKUP(D13,Datos!$A$21:$D$25,4,0)="Voladizo","---",P13)) | R13: Falta la luz: completar en la columna LUZ y recalcula todo.

Sheet Memoria
A1: MEMORIA DE CALCULO - LOSAS
A3: METODO | B3: Tensiones admisibles, igual criterio que la planilla modelo de la catedra.
B4: Se verifico contra la fila de ejemplo: momentos y reacciones coinciden exactamente.
A5: MATERIALES | B5: H-21 (f'c 210 kg/cm2). Acero 42/50 (fy 4200). Tension admisible 2400 kg/cm2.
A6: DIMENSIONES | B6: h = altura util | d = espesor total. Recubrimiento 1,5 cm.
A8: 1. CARGAS | B8: p = peso propio + terminaciones + q (cargas de servicio, sin mayorar)
B9: Peso propio = 2400 x d / 100, calculado con el espesor propio de cada losa.
A10: S/PB | B10: Terminaciones 242 kg/m2 (contrapiso 130 + carpeta 42 + piso 50 + cielorraso 20)
B11: q = 200 kg/m2 (vivienda)
A12: S/PA | B12: Terminaciones 252 kg/m2 (contrapiso pendiente 140 + carpeta 42 + aislacion 50 +
B13: cielorraso 20). q = 100 kg/m2 (azotea no accesible)
A15: 2. SOLICITACIONES | B15: M = coeficiente x p x L2, segun el grado de empotramiento:
B16: 1/8 simplemente apoyada 1/10 y 1/14 continua 1/12 biempotrada 1/2 voladizo
B17: R = coeficiente x p x L. En voladizo Rx = p x L y Ry no corresponde.
A19: 3. ARMADURA | B19: As = M x 100 / (2400 x 0,9 x h) [cm2/m]
B20: separacion = 100 x area de la barra / As, redondeada, con maximo 20 cm
B21: Armadura de reparticion = As / 5, con un minimo de 0,30 cm2/m
A23: 4. ESPESORES | B23: Los espesores d se leyeron del plano: estan escritos debajo del rotulo de cada losa.
B24: S/PB: L01 11 | L02 9 | L03 13 | L04 11 | L05 11 | L06 8 | L07 12 | L08 10
B25: S/PA: L09 13 | L10 12
A27: 5. FALTA LA LUZ | B27: Es el unico dato que no se pudo obtener del plano. Las cruces dibujadas sobre
B28: la planta marcan vacios, no losas, y los rotulos no traen la luz acotada.
B29: Completar la columna LUZ (naranja) de cada losa: el resto se calcula solo.
B30: Ojo: la luz es la del sentido en que arma la losa, normalmente la luz corta.
A32: LIMITACIONES | B32: El grado de empotramiento viene precargado en 1/8 para todas. Corregirlo losa
B33: por losa segun las condiciones de borde reales (continuidad sobre vigas, voladizos).
B34: El diagrama de cargas es una imagen fija: si cambias el grado, cambialo a mano.
B35: Trabajo academico. Requiere verificacion y firma de profesional matriculado.
