Workbook

Sheet Datos
A1: DATOS DE PARTIDA - COLUMNAS
A3: MATERIALES Y CRITERIOS | B3: valor | C3: unidad
A4: Hormigon H-21 f'c | B4: 210 | C4: kg/cm2
A5: Acero 42/50 fy | B5: 4200 | C5: kg/cm2
A6: Peso especifico H.A. | B6: 2400 | C6: kg/m3
A7: phi compresion (estribos) | B7: 0.65 | C7: -
A8: Cuantia minima | B8: 0.008 | C8: de la seccion
A9: Altura PB | B9: 3.15 | C9: m
A10: Altura PA | B10: 3.22 | C10: m
A12: As = cuantia minima x area phi Pn = 0,65 x 0,80 x [0,85 f'c (Ag - As) + fy As]
A13: Separacion de estribos = min(12 x diam. longitudinal ; 48 x diam. estribo ; lado menor)

Sheet Planilla columnas
A1: COLUMNAS H°A° H-21 ACERO 42/50
A2: NIVEL | B2: POSICION | C2: ALTURA (m) | D2: CARGA (t) | E2: DIMENSIONES (cm) | H2: ARMADURA | K2: ESTRIBOS | M2: VERIFICACION | N2: OBSERVACIONES | O2: DATOS AUXILIARES
E3: A | F3: B | G3: area | H3: cm2 | I3: n | J3: o | K3: o | L3: SEPAR | O3: As prov | P3: fi Pn (t) | Q3: esbeltez | R3: carga estim.
A4: PA | B4: C6 | C4: 3.22 | D4: 12.71 | E4: 20 | F4: 20 | G4: =E4*F4 | H4: =Datos!$B$8*G4 | I4: 4 | J4: 12 | K4: 6 | L4: =FLOOR(MIN(12*J4/10,48*K4/10,MIN(E4,F4)),5) | M4: =IF(D4="","FALTA CARGA",IF(O4<H4,"ARM. INSUFIC.",IF(D4>P4,"NO VERIFICA",IF(D4>0.85*P4,"AL LIMITE",IF(Q4>34,"VERIF. ESBELTEZ","VERIFICA"))))) | N4: COL 07 del plano. Carga PROVISORIA por bajada automatica; es un piso, la real es mayor (ver Memoria, punto 5). | O4: =I4*PI()*(J4/10)^2/4 | P4: =Datos!$B$7*0.8*(0.85*Datos!$B$4*(G4-O4)+Datos!$B$5*O4)/1000 | Q4: =100*C4/(0.3*MIN(E4,F4)) | R4: 12.71
B5: C7 | C5: 3.22 | D5: 22.06 | E5: 30 | F5: 15 | G5: =E5*F5 | H5: =Datos!$B$8*G5 | I5: 4 | J5: 12 | K5: 6 | L5: =FLOOR(MIN(12*J5/10,48*K5/10,MIN(E5,F5)),5) | M5: =IF(D5="","FALTA CARGA",IF(O5<H5,"ARM. INSUFIC.",IF(D5>P5,"NO VERIFICA",IF(D5>0.85*P5,"AL LIMITE",IF(Q5>34,"VERIF. ESBELTEZ","VERIFICA"))))) | N5: COL 06 del plano. Carga PROVISORIA por bajada automatica; es un piso, la real es mayor (ver Memoria, punto 5). | O5: =I5*PI()*(J5/10)^2/4 | P5: =Datos!$B$7*0.8*(0.85*Datos!$B$4*(G5-O5)+Datos!$B$5*O5)/1000 | Q5: =100*C5/(0.3*MIN(E5,F5)) | R5: 22.06
B6: C8 | C6: 3.22 | D6: 15.12 | E6: 15 | F6: 30 | G6: =E6*F6 | H6: =Datos!$B$8*G6 | I6: 4 | J6: 12 | K6: 6 | L6: =FLOOR(MIN(12*J6/10,48*K6/10,MIN(E6,F6)),5) | M6: =IF(D6="","FALTA CARGA",IF(O6<H6,"ARM. INSUFIC.",IF(D6>P6,"NO VERIFICA",IF(D6>0.85*P6,"AL LIMITE",IF(Q6>34,"VERIF. ESBELTEZ","VERIFICA"))))) | N6: COL 05 del plano. Carga PROVISORIA por bajada automatica; es un piso, la real es mayor (ver Memoria, punto 5). | O6: =I6*PI()*(J6/10)^2/4 | P6: =Datos!$B$7*0.8*(0.85*Datos!$B$4*(G6-O6)+Datos!$B$5*O6)/1000 | Q6: =100*C6/(0.3*MIN(E6,F6)) | R6: 15.12
B7: C9 | C7: 3.22 | D7: 20.05 | E7: 15 | F7: 30 | G7: =E7*F7 | H7: =Datos!$B$8*G7 | I7: 4 | J7: 12 | K7: 6 | L7: =FLOOR(MIN(12*J7/10,48*K7/10,MIN(E7,F7)),5) | M7: =IF(D7="","FALTA CARGA",IF(O7<H7,"ARM. INSUFIC.",IF(D7>P7,"NO VERIFICA",IF(D7>0.85*P7,"AL LIMITE",IF(Q7>34,"VERIF. ESBELTEZ","VERIFICA"))))) | N7: COL 05 del plano. Carga PROVISORIA por bajada automatica; es un piso, la real es mayor (ver Memoria, punto 5). | O7: =I7*PI()*(J7/10)^2/4 | P7: =Datos!$B$7*0.8*(0.85*Datos!$B$4*(G7-O7)+Datos!$B$5*O7)/1000 | Q7: =100*C7/(0.3*MIN(E7,F7)) | R7: 20.05
A8: PB | B8: C1 | C8: 3.15 | D8: 2.49 | E8: 15 | F8: 30 | G8: =E8*F8 | H8: =Datos!$B$8*G8 | I8: 4 | J8: 12 | K8: 6 | L8: =FLOOR(MIN(12*J8/10,48*K8/10,MIN(E8,F8)),5) | M8: =IF(D8="","FALTA CARGA",IF(O8<H8,"ARM. INSUFIC.",IF(D8>P8,"NO VERIFICA",IF(D8>0.85*P8,"AL LIMITE",IF(Q8>34,"VERIF. ESBELTEZ","VERIFICA"))))) | N8: COL 02 del plano. Carga PROVISORIA por bajada automatica; es un piso, la real es mayor (ver Memoria, punto 5). | O8: =I8*PI()*(J8/10)^2/4 | P8: =Datos!$B$7*0.8*(0.85*Datos!$B$4*(G8-O8)+Datos!$B$5*O8)/1000 | Q8: =100*C8/(0.3*MIN(E8,F8)) | R8: 2.49
B9: C2 | C9: 3.15 | D9: 29.47 | E9: 15 | F9: 30 | G9: =E9*F9 | H9: =Datos!$B$8*G9 | I9: 4 | J9: 12 | K9: 6 | L9: =FLOOR(MIN(12*J9/10,48*K9/10,MIN(E9,F9)),5) | M9: =IF(D9="","FALTA CARGA",IF(O9<H9,"ARM. INSUFIC.",IF(D9>P9,"NO VERIFICA",IF(D9>0.85*P9,"AL LIMITE",IF(Q9>34,"VERIF. ESBELTEZ","VERIFICA"))))) | N9: COL 02 del plano. Carga PROVISORIA por bajada automatica; es un piso, la real es mayor (ver Memoria, punto 5). | O9: =I9*PI()*(J9/10)^2/4 | P9: =Datos!$B$7*0.8*(0.85*Datos!$B$4*(G9-O9)+Datos!$B$5*O9)/1000 | Q9: =100*C9/(0.3*MIN(E9,F9)) | R9: 29.47
B10: C3 | C10: 3.15 | D10: 10.6 | E10: 30 | F10: 15 | G10: =E10*F10 | H10: =Datos!$B$8*G10 | I10: 4 | J10: 12 | K10: 6 | L10: =FLOOR(MIN(12*J10/10,48*K10/10,MIN(E10,F10)),5) | M10: =IF(D10="","FALTA CARGA",IF(O10<H10,"ARM. INSUFIC.",IF(D10>P10,"NO VERIFICA",IF(D10>0.85*P10,"AL LIMITE",IF(Q10>34,"VERIF. ESBELTEZ","VERIFICA"))))) | N10: COL 03 del plano. Carga PROVISORIA por bajada automatica; es un piso, la real es mayor (ver Memoria, punto 5). | O10: =I10*PI()*(J10/10)^2/4 | P10: =Datos!$B$7*0.8*(0.85*Datos!$B$4*(G10-O10)+Datos!$B$5*O10)/1000 | Q10: =100*C10/(0.3*MIN(E10,F10)) | R10: 10.6
B11: C4 | C11: 3.15 | D11: 10.28 | E11: 10 | F11: 10 | G11: =E11*F11 | H11: =Datos!$B$8*G11 | I11: 4 | J11: 12 | K11: 6 | L11: =FLOOR(MIN(12*J11/10,48*K11/10,MIN(E11,F11)),5) | M11: =IF(D11="","FALTA CARGA",IF(O11<H11,"ARM. INSUFIC.",IF(D11>P11,"NO VERIFICA",IF(D11>0.85*P11,"AL LIMITE",IF(Q11>34,"VERIF. ESBELTEZ","VERIFICA"))))) | N11: COL 01 del plano. Carga PROVISORIA por bajada automatica; es un piso, la real es mayor (ver Memoria, punto 5). ATENCION: seccion 10x10 leida del plano. Recibe VI 01a (17 t): una columna de 10x10 no puede tomar esa carga. Probablemente VI 01a apoye en la medianera y esto no sea columna. | O11: =I11*PI()*(J11/10)^2/4 | P11: =Datos!$B$7*0.8*(0.85*Datos!$B$4*(G11-O11)+Datos!$B$5*O11)/1000 | Q11: =100*C11/(0.3*MIN(E11,F11)) | R11: 10.28
B12: C5 | C12: 3.15 | D12: 15.9 | E12: 15 | F12: 30 | G12: =E12*F12 | H12: =Datos!$B$8*G12 | I12: 4 | J12: 12 | K12: 6 | L12: =FLOOR(MIN(12*J12/10,48*K12/10,MIN(E12,F12)),5) | M12: =IF(D12="","FALTA CARGA",IF(O12<H12,"ARM. INSUFIC.",IF(D12>P12,"NO VERIFICA",IF(D12>0.85*P12,"AL LIMITE",IF(Q12>34,"VERIF. ESBELTEZ","VERIFICA"))))) | N12: COL 02 del plano. Carga PROVISORIA por bajada automatica; es un piso, la real es mayor (ver Memoria, punto 5). | O12: =I12*PI()*(J12/10)^2/4 | P12: =Datos!$B$7*0.8*(0.85*Datos!$B$4*(G12-O12)+Datos!$B$5*O12)/1000 | Q12: =100*C12/(0.3*MIN(E12,F12)) | R12: 15.9
B13: C6 | C13: 3.15 | D13: 32.1 | E13: 20 | F13: 20 | G13: =E13*F13 | H13: =Datos!$B$8*G13 | I13: 4 | J13: 12 | K13: 6 | L13: =FLOOR(MIN(12*J13/10,48*K13/10,MIN(E13,F13)),5) | M13: =IF(D13="","FALTA CARGA",IF(O13<H13,"ARM. INSUFIC.",IF(D13>P13,"NO VERIFICA",IF(D13>0.85*P13,"AL LIMITE",IF(Q13>34,"VERIF. ESBELTEZ","VERIFICA"))))) | N13: COL 04 del plano. Carga PROVISORIA por bajada automatica; es un piso, la real es mayor (ver Memoria, punto 5). | O13: =I13*PI()*(J13/10)^2/4 | P13: =Datos!$B$7*0.8*(0.85*Datos!$B$4*(G13-O13)+Datos!$B$5*O13)/1000 | Q13: =100*C13/(0.3*MIN(E13,F13)) | R13: 32.1
B14: C7 | C14: 3.15 | D14: 37.27 | E14: 30 | F14: 15 | G14: =E14*F14 | H14: =Datos!$B$8*G14 | I14: 4 | J14: 12 | K14: 6 | L14: =FLOOR(MIN(12*J14/10,48*K14/10,MIN(E14,F14)),5) | M14: =IF(D14="","FALTA CARGA",IF(O14<H14,"ARM. INSUFIC.",IF(D14>P14,"NO VERIFICA",IF(D14>0.85*P14,"AL LIMITE",IF(Q14>34,"VERIF. ESBELTEZ","VERIFICA"))))) | N14: COL 03 del plano. Carga PROVISORIA por bajada automatica; es un piso, la real es mayor (ver Memoria, punto 5). | O14: =I14*PI()*(J14/10)^2/4 | P14: =Datos!$B$7*0.8*(0.85*Datos!$B$4*(G14-O14)+Datos!$B$5*O14)/1000 | Q14: =100*C14/(0.3*MIN(E14,F14)) | R14: 37.27
B15: C8 | C15: 3.15 | D15: 42.22 | E15: 15 | F15: 30 | G15: =E15*F15 | H15: =Datos!$B$8*G15 | I15: 4 | J15: 12 | K15: 6 | L15: =FLOOR(MIN(12*J15/10,48*K15/10,MIN(E15,F15)),5) | M15: =IF(D15="","FALTA CARGA",IF(O15<H15,"ARM. INSUFIC.",IF(D15>P15,"NO VERIFICA",IF(D15>0.85*P15,"AL LIMITE",IF(Q15>34,"VERIF. ESBELTEZ","VERIFICA"))))) | N15: COL 02 del plano. Carga PROVISORIA por bajada automatica; es un piso, la real es mayor (ver Memoria, punto 5). | O15: =I15*PI()*(J15/10)^2/4 | P15: =Datos!$B$7*0.8*(0.85*Datos!$B$4*(G15-O15)+Datos!$B$5*O15)/1000 | Q15: =100*C15/(0.3*MIN(E15,F15)) | R15: 42.22
B16: C9 | C16: 3.15 | D16: 54.89 | E16: 15 | F16: 30 | G16: =E16*F16 | H16: =Datos!$B$8*G16 | I16: 4 | J16: 12 | K16: 6 | L16: =FLOOR(MIN(12*J16/10,48*K16/10,MIN(E16,F16)),5) | M16: =IF(D16="","FALTA CARGA",IF(O16<H16,"ARM. INSUFIC.",IF(D16>P16,"NO VERIFICA",IF(D16>0.85*P16,"AL LIMITE",IF(Q16>34,"VERIF. ESBELTEZ","VERIFICA"))))) | N16: COL 02 del plano. Carga PROVISORIA por bajada automatica; es un piso, la real es mayor (ver Memoria, punto 5). | O16: =I16*PI()*(J16/10)^2/4 | P16: =Datos!$B$7*0.8*(0.85*Datos!$B$4*(G16-O16)+Datos!$B$5*O16)/1000 | Q16: =100*C16/(0.3*MIN(E16,F16)) | R16: 54.89

Sheet Memoria
A1: MEMORIA DE CALCULO - COLUMNAS
A3: MATERIALES | B3: H-21 (f'c 210 kg/cm2). Acero 42/50 (fy 4200). phi compresion 0,65.
A5: 1. RELEVAMIENTO | B5: Las columnas se identificaron en el plano cruzando el rotulo COL con un rectangulo
B6: de la misma seccion a menos de 26 pt. Resultaron 9 en PB y 4 en PA.
B7: Las 4 de PA caen exactamente sobre C6, C7, C8 y C9 de PB, y ademas tienen la misma
B8: seccion, lo que confirma que la correspondencia entre plantas es correcta.
B9: La planilla modelo de la catedra tiene 10 columnas en PB: puede faltar una que no
B10: haya podido resolverse por rotulo. Conviene contarlas en el plano.
A12: 2. ALTURAS | B12: PB 3,15 m y PA 3,22 m, los mismos valores de la planilla de la catedra, coherentes
B13: con los niveles del plano (N.F.L +3,50 del entrepiso y +6,80 del techo).
A15: 3. ARMADURA | B15: As = 0,008 x area (cuantia minima, el mismo criterio de la planilla modelo).
B16: Se adoptan 4 barras del 12 en todas: 4,52 cm2, que cubre la minima en toda seccion.
B17: Separacion de estribos = min(12 x diam. long. ; 48 x diam. estribo ; lado menor),
B18: redondeada hacia abajo a multiplo de 5. Para 4d12 con estribo d6 da 10 cm.
B19: La planilla de la catedra adopta 20 cm: ese valor supera el limite reglamentario.
A21: 4. CAPACIDAD | B21: phi Pn = 0,65 x 0,80 x [0,85 f'c (Ag - As) + fy As] (columna zunchada con estribos)
B22: 15x30 con 4d12 -> 51,2 t 20x20 con 4d12 -> 46,6 t
A24: 5. CARGAS | B24: La columna CARGA (t) viene cargada con una bajada automatica: suma de las
B25: reacciones de las vigas que apoyan en cada columna (tomadas de la planilla de
B26: vigas), mas el peso propio, mas lo que baja de la columna del nivel superior.
B27: ES UNA CARGA PROVISORIA Y ES UN PISO, NO EL VALOR REAL: 20 de los 60 extremos
B28: de viga no pudieron asignarse a ninguna columna porque apoyan en otra viga, en
B29: un tabique o en la medianera, y esas reacciones no estan sumadas.
B30: Para cerrarla hay que indicar, para cada uno de esos 20 extremos, en que apoya.
B31: Mientras tanto la columna es editable: al corregir un valor todo recalcula.
B32: Ademas son cargas MAYORADAS, coherentes con la planilla de vigas. Si la catedra
B33: pide cargas de servicio, dividir por el coeficiente que corresponda.
A35: 6. ESBELTEZ | B35: Todas las columnas son esbeltas: con lado menor de 15 cm y 3,15 m de altura,
B36: k lu / r = 70, muy por encima del limite de 34 por debajo del cual se puede
B37: despreciar el pandeo. En la practica el llenado de mamposteria las arriostra, pero
B38: si la catedra lo pide hay que verificar segundo orden. La planilla lo marca.
A40: 7. C4, A REVISAR | B40: C4 figura en el plano como 10x10 y recibe el extremo de VI 01a, con 17 t de
B41: reaccion. Una columna de 10x10 no toma esa carga. VI 01a corre sobre la medianera,
B42: asi que lo mas probable es que apoye en el muro y ese 10x10 no sea una columna.
A44: LIMITACIONES | B44: Trabajo academico. Requiere verificacion y firma de profesional matriculado.
B45: No se verifica flexion compuesta: las columnas de borde reciben momento de las
B46: vigas invertidas y trabajan a flexo-compresion, no a compresion simple.
